text,canonical_form_1,canonical_form_2,canonical_form_3,category_1,severity_rating,severity_description
69,69,,,sexual,1.0,Mild
@55,ass,,,sexual,1.0,Mild
@ssfcker,fuck,ass,,sexual,2.8,Severe
@ssfucker,fuck,ass,,sexual,2.8,Severe
@ssfvcker,fuck,ass,,sexual,2.4,Strong
@sshole,ass,,,sexual,1.6,Strong
0ral seks,sex,,,sexual,1.0,Mild
0ral sex,sex,,,sexual,1.8,Strong
0rg@sm,orgasm,,,sexual,1.0,Mild
0rgasms,orgasm,,,sexual,1.0,Mild
3jakulating,ejaculation,,,sexual,1.6,Strong
4r5e,arse,,,sexual,1.4,Mild
4r5ed,arse,,,sexual,1.4,Mild
4r5es,arse,,,sexual,1.4,Mild
4skin,foreskin,,,sexual,1.0,Mild
5h17,shit,,,violence / violence,1.0,Mild
5h1t,shit,,,violence / violence,1.0,Mild
5kank,skank,,,sexual orientation / sexual,2.0,Strong
a_s_s,ass,,,sexual,1.0,Mild
abbie,abraham,,,racial / ethnic slurs,1.2,Mild
abeed,abeed,,,racial / ethnic slurs,1.8,Strong
aboe,abo,,,racial / ethnic slurs,1.0,Mild
anal,anal,,,sexual,1.0,Mild
anal hole,anal,,,sexual,2.2,Strong
anal hore,anal,,,sexual,2.4,Strong
anal pirate,anal,,,sexual,2.2,Strong
analingus,anal,,,sexual,1.6,Strong
analplug,anal,,,sexual,2.2,Strong
analplugs,anal,,,sexual,2.0,Strong
anilingus,anal,,,sexual,1.8,Strong
animal fucker,fuck,,,sexual,3.0,Severe
anus,anus,,,sexual,1.0,Mild
anus plug,anus,,,sexual,2.0,Strong
ape shit,ape,shit,,violence / violence,1.6,Strong
ape shite,ape,shit,,violence / violence,1.6,Strong
apeshit,ape,shit,,violence / violence,1.4,Mild
apeshite,ape,shit,,violence / violence,1.4,Mild
ar5e,arse,,,sexual,1.0,Mild
ar5ehole,arse,,,sexual,1.4,Mild
arse,arse,,,sexual,1.0,Mild
arse gobbler,arse,,,sexual,2.0,Strong
arse hole,arse,,,sexual,1.2,Mild
arse-bandit,arse,,,sexual orientation / sexual,2.0,Strong
arse-bandits,arse,,,sexual,2.2,Strong
arse-fucker,fuck,arse,,sexual,2.6,Severe
arse-fuckers,fuck,arse,,sexual,2.6,Severe
arse-hole,arse,,,sexual,1.8,Strong
arse-shagger,arse,,,sexual,2.4,Strong
arsefuck,fuck,arse,,sexual,2.8,Severe
arsefucker,fuck,arse,,sexual,2.6,Severe
arsehole,arse,,,sexual,1.4,Mild
arseshit,arse,shit,,sexual,1.8,Strong
arsewipe,arse,,,sexual,1.4,Mild
ashole,ass,,,sexual,1.6,Strong
ass,ass,,,sexual,1.0,Mild
ass bandit,ass,,,sexual,1.6,Strong
ass eating boiolas,ass,,,sexual,2.8,Severe
ass eating nob jokeys,ass,,,sexual,2.8,Severe
ass fecker,fuck,ass,,sexual,2.6,Severe
ass fuck,fuck,ass,,sexual,2.8,Severe
ass fucker,fuck,ass,,sexual,2.6,Severe
ass fucking boiolas,fuck,ass,boiolas,sexual,2.6,Severe
ass fucking nob jokeys,fuck,ass,knob,sexual,2.6,Severe
ass hole,ass,,,sexual,1.2,Mild
ass kisser,ass,,,sexual,1.2,Mild
ass licking,ass,,,sexual,1.6,Strong
ass muncher,ass,,,sexual,2.2,Strong
ass-bandit,ass,,,sexual,1.8,Strong
ass-fucker,fuck,ass,,sexual,2.8,Severe
ass-fuckers,fuck,ass,,sexual,2.6,Severe
ass-hole,ass,,,sexual,2.0,Strong
asses,ass,,,sexual,1.0,Mild
assface,ass,,,sexual,1.6,Strong
assfck,ass,fuck,,sexual,2.6,Severe
assfcker,ass,fuck,,sexual,2.8,Severe
assfk,ass,fuck,,sexual,2.2,Strong
assfkcer,ass,fuck,,sexual,2.6,Severe
assfker,ass,fuck,,sexual,2.2,Strong
assfkr,ass,fuck,,sexual,2.2,Strong
assfook,ass,fuck,,sexual,2.6,Severe
assfuccer,ass,fuck,,sexual,2.2,Strong
assfuck,fuck,ass,,sexual,2.6,Severe
assfuck3r,fuck,ass,,sexual,2.8,Severe
assfucker,fuck,ass,,sexual,2.8,Severe
assfuckers,fuck,ass,,sexual,2.8,Severe
assfuckerz,fuck,ass,,sexual,2.4,Strong
assfukah,fuck,ass,,sexual,2.4,Strong
assfukka,fuck,ass,,sexual,2.8,Severe
assfukker,fuck,ass,,sexual,2.6,Severe
assfukkerz,fuck,ass,,sexual,2.8,Severe
assfvck3r,fuck,ass,,sexual,3.0,Severe
assfvcker,fuck,ass,,sexual,2.6,Severe
asshat,ass,,,sexual,1.2,Mild
asshol3,ass,,,sexual,1.8,Strong
asshole,ass,,,sexual,1.2,Mild
asshole fucker,fuck,ass,,sexual,2.6,Severe
assholes,ass,,,sexual,1.6,Strong
assmunch,ass,,,sexual,1.8,Strong
assmuncher,ass,,,sexual,2.2,Strong
asswhole,ass,,,sexual,1.4,Mild
asswipe,ass,,,sexual,1.6,Strong
axe wound,wound,,,sexual,1.2,Mild
azz,ass,,,sexual,1.0,Mild
azzhole,ass,,,sexual,1.6,Strong
b to the inch,bitch,,,sexual orientation / sexual,1.2,Mild
bÔºÅtch,bitch,,,sexual orientation / sexual,1.4,Mild
b00bz,boobs,,,sexual,1.0,Mild
b0llock,bollocks,,,sexual,1.0,Mild
b0llocks,bollocks,,,sexual,1.2,Mild
b1+ch,bitch,,,sexual orientation / sexual,1.0,Mild
b17ch,bitch,,,sexual orientation / sexual,1.4,Mild
b1otch,bitch,,,sexual orientation / sexual,1.4,Mild
b1otchs,bitch,,,sexual orientation / sexual,1.2,Mild
b1tch,bitch,,,sexual orientation / sexual,1.4,Mild
b1tch1ng,bitch,,,sexual orientation / sexual,1.2,Mild
b1tch35,bitch,,,sexual orientation / sexual,1.0,Mild
b1tch3s,bitch,,,sexual orientation / sexual,1.4,Mild
b1tchees,bitch,,,sexual orientation / sexual,1.4,Mild
b1tches,bitch,,,sexual orientation / sexual,1.4,Mild
b1tchez,bitch,,,sexual orientation / sexual,1.2,Mild
b1tchin,bitch,,,other / general insult,1.2,Mild
b1tching,bitch,,,sexual orientation / sexual,1.2,Mild
b1tchs,bitch,,,sexual orientation / sexual,1.4,Mild
b1tchy,bitch,,,sexual orientation / sexual,1.2,Mild
baby batter,baby batter,,,violence / violence,1.4,Mild
ballbag,bollocks,,,sexual,1.0,Mild
bangbros,bang,,,sexual,1.6,Strong
bassturd,bastard,,,other / general insult,1.2,Mild
bastard,bastard,retard,,other / general insult,1.2,Mild
bastardish,bastard,,,other / general insult,1.0,Mild
bastards,bastard,,,other / general insult,1.6,Strong
basterd,bastard,,,other / general insult,1.0,Mild
bastid,bastard,,,other / general insult,1.2,Mild
bastinado,bastard,,,other / general insult,1.8,Strong
basturd,bastard,,,violence / violence,1.2,Mild
bater,masturbate,,,sexual,1.6,Strong
bates,masturbate,,,sexual,1.0,Mild
batshit,shit,,,violence / violence,1.0,Mild
batshite,shit,,,violence / violence,1.2,Mild
bbc,cock,,,sexual,1.4,Mild
bean queen,bean queen,,,racial / ethnic slurs,2.2,Strong
beaner,beaner,,,racial / ethnic slurs,2.6,Severe
beaners,beaner,,,racial / ethnic slurs,2.6,Severe
beat my meat,meat,,,sexual,1.2,Mild
beat off,beat off,,,sexual,1.2,Mild
beat the meat,meat,,,sexual,1.4,Mild
beat your meat,meat,,,sexual,1.4,Mild
beeotch,bitch,,,sexual orientation / sexual,1.0,Mild
bell end,bellend,,,bad language,1.0,Mild
bellend,bellend,,,sexual,1.2,Mild
bender,bender,,,sexual orientation / sexual,1.6,Strong
bewbs,boobs,,,sexual,1.0,Mild
beyoch,bitch,,,sexual orientation / sexual,1.2,Mild
beyotch,bitch,,,other / general insult,1.2,Mild
bi + ch,bitch,,,sexual orientation / sexual,1.2,Mild
bi+ch,bitch,,,sexual orientation / sexual,1.4,Mild
biatch,bitch,,,sexual orientation / sexual,1.2,Mild
biches,bitch,,,sexual orientation / sexual,1.4,Mild
biotch,bitch,,,sexual orientation / sexual,1.0,Mild
biotches,bitch,,,sexual orientation / sexual,1.2,Mild
biotchez,bitch,,,sexual orientation / sexual,1.4,Mild
bishes,bitch,,,sexual orientation / sexual,1.2,Mild
bitch,bitch,,,sexual orientation / sexual,1.4,Mild
bitch3s,bitch,,,sexual orientation / sexual,1.2,Mild
bitchass,bitch,ass,,sexual orientation / sexual,1.6,Strong
bitchasses,bitch,ass,,sexual,1.8,Strong
bitched,bitch,,,sexual orientation / sexual,1.2,Mild
bitcher,bitch,,,sexual orientation / sexual,1.4,Mild
bitchers,bitch,,,sexual orientation / sexual,1.4,Mild
bitches,bitch,,,sexual orientation / sexual,1.6,Strong
bitchez,bitch,,,sexual orientation / sexual,1.4,Mild
bitchfuck,fuck,bitch,,sexual,2.4,Strong
bitchhole,bitch,,,sexual,2.4,Strong
bitchin,bitch,,,other / general insult,1.2,Mild
bitchin',bitch,,,other / general insult,1.0,Mild
bitching,bitch,,,sexual orientation / sexual,1.0,Mild
bitchlike,bitch,,,sexual orientation / sexual,1.2,Mild
bitchness,bitch,,,sexual orientation / sexual,1.6,Strong
bitchs,bitch,,,sexual orientation / sexual,1.0,Mild
bitchslap,bitch,,,sexual orientation / sexual,1.0,Mild
bitchtits,bitch,,,sexual,2.2,Strong
bitchy,bitch,,,sexual orientation / sexual,1.2,Mild
bitchy ass,bitch,ass,,sexual,1.8,Strong
bizzach,bitch,,,sexual orientation / sexual,1.6,Strong
BJ,blowjob,,,sexual,1.6,Strong
blacky,blacky,,,racial / ethnic slurs,2.4,Strong
blow a load,blow a load,,,violence / violence,1.6,Strong
blow job,blowjob,,,sexual,2.0,Strong
blowjob,blowjob,,,sexual,1.2,Mild
blumpkin boy,blumpkin,,,sexual,2.4,Strong
boll0ck,bollocks,,,sexual,1.0,Mild
bollock,bollocks,,,sexual,1.0,Mild
bollockchops,bollocks,,,sexual,1.2,Mild
bollocks,bollocks,,,sexual,1.2,Mild
bollocktician,bollocks,,,sexual,1.4,Mild
bollox,bollocks,,,sexual,1.0,Mild
bondage,bondage,,,sexual,1.0,Mild
boner,boner,,,sexual,1.0,Mild
bonk juice,bonk,,,violence / violence,1.6,Strong
boobs,boobs,,,sexual,1.0,Mild
booty,booty,,,sexual,1.0,Mild
breasticles,breast,,,sexual,1.4,Mild
breasts,breast,,,sexual,1.0,Mild
bugger,bugger,,,sexual,1.2,Mild
bugger off,bugger,,,sexual,1.0,Mild
bull shit,shit,,,violence / violence,1.0,Mild
bullshi,shit,,,violence / violence,1.0,Mild
bullshit,shit,,,violence / violence,1.2,Mild
bullshite,shit,,,violence / violence,1.0,Mild
bum-bandits,bum,,,sexual orientation / sexual,1.8,Strong
bum-driller,bum,,,sexual,2.8,Severe
bumhole,bum,,,sexual,1.0,Mild
bung hole,bung,,,sexual,1.0,Mild
butt fuck,fuck,butt,,sexual,2.2,Strong
butt fucker,fuck,butt,,sexual,3.0,Severe
butt hole,butt,,,sexual,1.0,Mild
butt pirate,butt,,,sexual orientation / sexual,2.2,Strong
butt-fucker,fuck,butt,,sexual,2.2,Strong
butt-fuckers,fuck,butt,,sexual,2.8,Severe
butt-fucking-bandit,fuck,butt,,sexual,2.6,Severe
butt-munchers,butt,,,sexual,2.0,Strong
buttermilk,buttermilk,,,racial / ethnic slurs,1.4,Mild
buttfuck,fuck,butt,,sexual,2.2,Strong
buttfucker,fuck,butt,,sexual,3.0,Severe
buttfuckers,fuck,butt,,sexual,3.0,Severe
butthole,butt,,,sexual,1.2,Mild
butthole boy,butt,,,sexual,2.6,Severe
bwc,cock,,,sexual,1.4,Mild
c*nt,cunt,,,sexual,3.0,Severe
c*ntface,cunt,,,sexual,3.0,Severe
c*nts,cunt,,,sexual orientation / sexual,2.8,Severe
c*nty,cunt,,,sexual,2.8,Severe
c00n,coon,,,racial / ethnic slurs,2.8,Severe
c00nies,coon,,,racial / ethnic slurs,2.6,Severe
c0ck,cock,,,sexual,1.2,Mild
c0ckhead,cock,,,sexual,2.0,Strong
c0cks,cock,,,sexual,1.6,Strong
c0cksuccer,cock,,,sexual,2.0,Strong
c0cksucked,cock,,,sexual,2.0,Strong
c0cksucker,cock,,,sexual,2.2,Strong
c0cksuckers,cock,,,sexual,2.2,Strong
c0x,cock,,,sexual,1.4,Mild
c0xux0r,cock,,,sexual,1.8,Strong
caaak,cock,,,sexual,1.4,Mild
caca,shit,,,violence / violence,1.0,Mild
cack,cock,,,violence / violence,1.2,Mild
cagone,cojones,,,violence / violence,1.2,Mild
cajones,cojones,,,sexual,1.0,Mild
Camel jockey,camel jockey,,,racial / ethnic slurs,2.8,Severe
cameltoe,cameltoe,,,sexual,1.2,Mild
carpet muncher,carpet muncher,,,sexual,2.4,Strong
carpetmuncher,carpet muncher,,,sexual,2.6,Severe
carpetmunchers,carpet muncher,,,sexual orientation / sexual,2.2,Strong
carpetmunching,carpet muncher,,,sexual,1.6,Strong
cawk,cock,,,sexual,1.4,Mild
cawk muncher,cock,,,sexual,2.4,Strong
cawkmuncher,cock,,,sexual,2.2,Strong
cawks,cock,,,sexual,1.2,Mild
cawksucker,cock,,,sexual,2.6,Severe
ch1nk,chink,,,racial / ethnic slurs,3.0,Severe
chesticles,testicles,,,sexual,1.0,Mild
china-virus,china virus,,,political,2.2,Strong
chinavirus,china virus,,,political,2.6,Severe
chinese-virus,china virus,,,political,2.8,Severe
chingchong,chingchong,,,racial / ethnic slurs,2.8,Severe
chink,chink,,,racial / ethnic slurs,3.0,Severe
chinky,chink,,,racial / ethnic slurs,3.0,Severe
choad nectar,choad,,,violence / violence,2.0,Strong
chocha,chocha,,,sexual,2.4,Strong
choke the chicken,choke the chicken,,,sexual,1.4,Mild
cholo,cholo,,,racial / ethnic slurs,1.6,Strong
clitlickers,clit,,,sexual,2.0,Strong
closet fuckhead,fuck,,,sexual orientation / sexual,2.8,Severe
clusterfuck,fuck,,,sexual,1.8,Strong
clusterfucked,fuck,,,sexual,2.2,Strong
clusterfucker,fuck,,,sexual,2.4,Strong
clusterfucking,fuck,,,sexual,2.0,Strong
clusterfucks,fuck,,,sexual,2.0,Strong
cobb knobbler,knob,,,sexual,1.8,Strong
cock,cock,,,sexual,1.4,Mild
cock droplets,cock,,,violence / violence,2.4,Strong
cock head,cock,,,sexual,2.0,Strong
cock jockey,cock,,,sexual,2.4,Strong
cock knocker,cock,,,sexual,1.8,Strong
cock licker,cock,,,sexual,2.0,Strong
cock munch,cock,,,sexual,2.0,Strong
cock rider,cock,,,sexual,2.4,Strong
cock smoker,cock,,,sexual,2.2,Strong
cock snot,cock,,,sexual,2.2,Strong
cock suck,cock,,,sexual,1.8,Strong
cock sucker,cock,,,sexual,2.4,Strong
cock sucking,cock,,,sexual,2.2,Strong
cock sucking boiolas,cock,,,sexual,2.6,Severe
cock sucking nob jokeys,cock,knob,,sexual,2.8,Severe
cock tease,cock,,,sexual,1.8,Strong
cock-face,cock,,,sexual,2.2,Strong
cock-gobbler,cock,,,sexual,2.4,Strong
cock-head,cock,,,sexual,1.8,Strong
cock-sucker,cock,,,sexual,2.0,Strong
cock-suckers,cock,,,sexual,2.0,Strong
cockboy,cock,,,sexual,2.4,Strong
cockeater,cock,,,sexual,2.2,Strong
cockface,cock,,,sexual,2.0,Strong
cockgobbler,cock,,,sexual,1.8,Strong
cockh3ad,cock,,,sexual,2.4,Strong
cockhead,cock,,,sexual,1.8,Strong
cockheads,cock,,,sexual,2.4,Strong
cockhed,cock,,,sexual,2.0,Strong
cockless,cock,,,sexual,1.4,Mild
cocklicker,cock,,,sexual,2.2,Strong
cockmonger,cock,,,sexual,2.2,Strong
cockmunch,cock,,,sexual,2.2,Strong
cockmuncher,cock,,,sexual,1.8,Strong
cocks,cock,,,sexual,1.6,Strong
cockshit,cock,shit,,sexual,2.2,Strong
cockskin,cock,,,sexual,1.8,Strong
cocksmoker,cock,,,sexual,2.2,Strong
cocksucc,cock,,,sexual,2.0,Strong
cocksuccas,cock,,,sexual,2.2,Strong
cocksuccer,cock,,,sexual,2.2,Strong
cocksuccers,cock,,,sexual,2.2,Strong
cocksuck,cock,,,sexual,2.2,Strong
cocksuckas,cock,,,sexual,2.4,Strong
cocksucked,cock,,,sexual,2.0,Strong
cocksucker,cock,,,sexual,2.2,Strong
cocksuckers,cock,,,sexual,2.2,Strong
cocksucking,cock,,,sexual,2.4,Strong
cocksucking mothafuckers,motherfucker,cock,,sexual,3.0,Severe
cocksucks,cock,,,sexual,2.2,Strong
cocksuk,cock,,,sexual,2.0,Strong
cocksuka,cock,,,sexual,2.0,Strong
cocksukka,cock,,,sexual,2.2,Strong
cocsuck,cock,,,sexual,2.0,Strong
cokmuncher,cock,,,sexual,2.2,Strong
coksucka,cock,,,sexual,1.8,Strong
coolie,coolie,,,racial / ethnic slurs,1.8,Strong
coon,coon,,,racial / ethnic slurs,3.0,Severe
coon1es,coon,,,racial / ethnic slurs,3.0,Severe
cooni3s,coon,,,racial / ethnic slurs,2.4,Strong
coonie,coon,,,racial / ethnic slurs,2.8,Severe
coonies,coon,,,racial / ethnic slurs,3.0,Severe
coons,coon,,,racial / ethnic slurs,2.8,Severe
coot,coot,,,sexual,1.6,Strong
coot coot,coot,,,sexual,1.4,Mild
cooter,coot,,,sexual,1.2,Mild
cooter shooting,coot,,,sexual,2.6,Severe
cooterpuffing,coot,,,sexual,2.4,Strong
cooties,cooties,,,other / general insult,1.0,Mild
cotton picker,cotton picker,,,racial / ethnic slurs,2.8,Severe
crazy mofos,motherfucker,,,sexual,1.4,Mild
crazy sob,bitch,,,bad language,1.4,Mild
creampie,creampie,,,sexual,2.2,Strong
crotch,crotch,,,sexual,1.0,Mild
crotch fiddler,crotch,,,sexual,2.2,Strong
crotchy,crotch,,,sexual,1.4,Mild
crow,crow,,,animal references,1.0,Mild
crows,crow,,,sexual orientation / sexual,1.4,Mild
cuksuker,cock,,,sexual,2.4,Strong
cuksukka,cock,,,sexual,2.2,Strong
cum goon,cum,,,sexual,2.0,Strong
cumball,cum,,,violence / violence,2.4,Strong
cumdumpster,cum,,,violence / violence,2.8,Severe
cumming,cum,,,violence / violence,1.6,Strong
cums,cum,,,violence / violence,1.4,Mild
cumslut,cum,,,violence / violence,2.8,Severe
cumz,cum,,,violence / violence,2.0,Strong
cunnilingus,cunnilingus,,,sexual,2.0,Strong
cunt,cunt,,,sexual,2.6,Severe
cunt ass,cunt,ass,,sexual,2.8,Severe
cunt fart,cunt,fart,,sexual,2.6,Severe
cunt lick,cunt,,,sexual,3.0,Severe
cunt licker,cunt,,,sexual,3.0,Severe
cunt lips,cunt,,,sexual,2.8,Severe
cuntasaurus rex,cunt,,,sexual,2.8,Severe
cuntbag,cunt,,,sexual,3.0,Severe
cuntbollock,cunt,,,sexual,2.2,Strong
cuntelope,cunt,,,sexual,2.4,Strong
cuntits,cunt,tits,,sexual,2.8,Severe
cuntless,cunt,,,sexual,2.8,Severe
cuntlick,cunt,,,sexual,3.0,Severe
cuntlicker,cunt,,,sexual,2.4,Strong
cuntlickers,cunt,,,sexual,2.6,Severe
cuntness,cunt,,,sexual,3.0,Severe
cunts,cunt,,,sexual,2.6,Severe
cunty,cunt,,,sexual,2.8,Severe
cuntz,cunt,,,sexual,2.8,Severe
cuunt,cunt,,,sexual,2.6,Severe
cyberfck,fuck,,,sexual,2.2,Strong
cyberfcks,fuck,,,sexual,2.4,Strong
cyberfuccs,fuck,,,sexual,2.2,Strong
cyberfucks,fuck,,,sexual,2.2,Strong
cyberfucs,fuck,,,sexual,2.0,Strong
cyberfukk,fuck,,,sexual,2.0,Strong
cyberfukks,fuck,,,sexual,2.2,Strong
cyberfvcks,fuck,,,sexual,2.2,Strong
d!ck,dick,,,sexual,1.0,Mild
d!cks,dick,,,sexual,1.0,Mild
d!ld0,dildo,,,sexual,1.4,Mild
d!ldo,dildo,,,sexual,1.4,Mild
d0ggy style,doggy style,,,sexual,1.8,Strong
d1ck,dick,,,sexual,1.0,Mild
d1ckhead,dick,,,sexual,1.8,Strong
d1ckheads,dick,,,sexual,1.8,Strong
d1cks,dick,,,sexual,1.4,Mild
d1cksucker,dick,,,sexual,1.8,Strong
d1cksukka,dick,,,sexual,2.0,Strong
d1ckz,dick,,,sexual,1.0,Mild
d1ldo,dildo,,,sexual,1.4,Mild
dafuq,fuck,,,sexual,2.2,Strong
dago,dago,,,racial / ethnic slurs,2.2,Strong
darkass,ass,,,racial / ethnic slurs,2.6,Severe
darkfuck,fuck,darky,,sexual,2.4,Strong
darkie,darky,,,racial / ethnic slurs,2.8,Severe
darkshit,shit,,,violence / violence,3.0,Severe
darktard,retard,darky,,racial / ethnic slurs,3.0,Severe
darky,darky,,,racial / ethnic slurs,2.8,Severe
dick breath,dick,,,sexual,2.0,Strong
dick face,dick,,,sexual,1.8,Strong
dick fucker,fuck,dick,,sexual,2.8,Severe
dick head,dick,,,sexual,1.8,Strong
dick licker,dick,,,sexual,2.4,Strong
dick milker,dick,,,sexual,2.2,Strong
dick nibbler,dick,,,sexual,2.4,Strong
dick smoker,dick,,,sexual,2.4,Strong
dick sucker,dick,,,sexual,2.2,Strong
dick-face,dick,,,sexual,1.8,Strong
dick-gobbler,dick,,,sexual,1.8,Strong
dick-head,dick,,,sexual,1.8,Strong
dickface,dick,,,sexual,2.0,Strong
dickfucker,dick,fuck,,sexual,2.8,Severe
dickhead,dick,,,sexual,2.0,Strong
dickheads,dick,,,sexual,1.6,Strong
dickjockies,dick,,,sexual,2.2,Strong
dickless,dick,,,sexual,1.4,Mild
dicklicker,dick,,,sexual,2.2,Strong
dickmuncher,dick,,,sexual,2.0,Strong
dicks,dick,,,sexual,1.0,Mild
dickskin,dick,,,sexual,1.8,Strong
dickslapper,dick,,,sexual,1.8,Strong
dicksmoker,dick,,,sexual,2.8,Severe
dicksucker,dick,,,sexual,2.2,Strong
dickvag,dick,,,sexual,1.6,Strong
dickz,dick,,,sexual,1.2,Mild
diddle,diddle,,,sexual,1.0,Mild
dikhead,dick,,,sexual,1.6,Strong
diks,dick,,,sexual,1.2,Mild
dild0,dildo,,,sexual,1.0,Mild
dipsh1t,shit,,,bad language,1.6,Strong
dipsh1tty,shit,,,violence / violence,1.6,Strong
dipshat,shit,,,violence / violence,1.2,Mild
dipshidiot,shit,,,violence / violence,1.6,Strong
dipshit,shit,,,violence / violence,1.4,Mild
dipshite,shit,,,violence / violence,1.6,Strong
dipshits,shit,,,violence / violence,1.6,Strong
dipshitter,shit,,,violence / violence,1.6,Strong
dipshitty,shit,,,violence / violence,1.8,Strong
dipstick,dipstick,,,sexual,1.2,Mild
dirty sanchez,dirty sanchez,,,sexual,2.4,Strong
dix,dick,,,sexual,1.0,Mild
dlck,dick,,,sexual,1.2,Mild
dlcks,dick,,,sexual,1.0,Mild
dog fuck,fuck,,,sexual,2.8,Severe
dog fucker,fuck,,,sexual,3.0,Severe
dog fucking,fuck,,,sexual,2.8,Severe
dog shit,shit,,,violence / violence,1.2,Mild
dog-fucker,fuck,,,sexual,2.8,Severe
dog's bollocks,bollocks,,,sexual,1.2,Mild
doggo style,doggy style,,,sexual,1.2,Mild
doggy style,doggy style,,,sexual,1.4,Mild
doggy_style,doggy style,,,sexual,1.4,Mild
dogie style,doggy style,,,sexual,1.0,Mild
dogsh1t,shit,,,violence / violence,1.2,Mild
dogsh1ts,shit,,,violence / violence,1.0,Mild
dogshit,shit,,,violence / violence,1.0,Mild
dogshits,shit,,,violence / violence,1.4,Mild
dogstyle,doggy style,,,sexual,1.0,Mild
dolt,dolt,,,bad language,1.0,Mild
dong,dong,,,sexual,1.2,Mild
doosh,douche,,,violence / violence,1.4,Mild
dothead,dothead,,,racial / ethnic slurs,2.6,Severe
double dick,dick,,,sexual,1.6,Strong
double dicking,dick,,,sexual,2.2,Strong
double pen,double pen,,,sexual,1.2,Mild
double-dong,dong,,,sexual,1.4,Mild
douche,douche,,,sexual,1.0,Mild
douche bag,douche,,,other / general insult,1.0,Mild
douche canoe,douche,,,sexual,1.4,Mild
douchebag,douche,,,sexual,1.4,Mild
dumasses,ass,,,sexual,1.0,Mild
dumb bastard,bastard,,,other / general insult,1.2,Mild
dumb fucker,fuck,,,sexual,2.0,Strong
dumb@ss,ass,,,sexual,1.2,Mild
dumbarrassed,ass,,,bad language,1.4,Mild
dumbass,ass,,,bad language,1.4,Mild
dumbass fucker,fuck,ass,,sexual,2.6,Severe
dumbass mofoes,ass,motherfucker,,sexual,2.4,Strong
dumbass mothafuckers,motherfucker,ass,,sexual,2.8,Severe
dumbass son-of-a-bitch,bitch,ass,,sexual,1.8,Strong
dumbasses,ass,,,sexual,1.0,Mild
dumbfucks,fuck,,,sexual,2.2,Strong
dumbshit,shit,,,violence / violence,1.6,Strong
dump a load,dump a load,,,violence / violence,1.6,Strong
dune coon,coon,,,racial / ethnic slurs,3.0,Severe
dyke,dyke,,,sexual orientation / sexual,2.8,Severe
erectoplasm,erectoplasm,,,violence / violence,1.8,Strong
f_u_c_k,fuck,,,sexual,2.2,Strong
f'ed,fuck,,,sexual,1.8,Strong
f'er,fuck,,,sexual,1.6,Strong
f@ck,fuck,,,sexual,1.6,Strong
f@cker bunny,fuck,,,sexual,2.2,Strong
f@g,faggot,,,sexual orientation / sexual,2.8,Severe
f@gg0t,faggot,,,sexual orientation / sexual,3.0,Severe
f@gging,faggot,,,sexual orientation / sexual,2.8,Severe
f@ggot,faggot,,,sexual orientation / sexual,3.0,Severe
f@gs,faggot,,,sexual orientation / sexual,3.0,Severe
f@gshit,shit,fag,,sexual orientation / sexual,2.8,Severe
f@k,fuck,,,sexual,1.8,Strong
f0ck,fuck,,,sexual,2.0,Strong
f0cked,fuck,,,sexual,2.0,Strong
f0cker,fuck,,,sexual,2.4,Strong
f0ckers,fuck,,,sexual,2.2,Strong
face fuck,fuck,,,sexual,2.8,Severe
fack,fuck,,,sexual,1.4,Mild
fackuhs,fuck,,,sexual,2.0,Strong
fag,faggot,,,sexual orientation / sexual,2.8,Severe
fag asses,faggot,ass,,sexual orientation / sexual,2.8,Severe
fag bag,faggot,,,sexual orientation / sexual,2.8,Severe
fag hag,faggot,hag,,sexual orientation / sexual,2.6,Severe
fag queen,faggot,,,sexual orientation / sexual,2.8,Severe
fag0t,faggot,,,sexual orientation / sexual,3.0,Severe
faget,faggot,,,sexual orientation / sexual,3.0,Severe
fagg0t,faggot,,,sexual orientation / sexual,3.0,Severe
fagging,faggot,,,sexual orientation / sexual,3.0,Severe
faggo,faggot,,,sexual orientation / sexual,2.8,Severe
faggot,faggot,,,sexual orientation / sexual,2.8,Severe
faggot mofoes,faggot,motherfucker,,sexual,3.0,Severe
faggot mothafuckers,motherfucker,faggot,,sexual,3.0,Severe
faggot nob jokeys,faggot,knob,,sexual,3.0,Severe
faggot nobjockies,faggot,knob,,sexual orientation / sexual,3.0,Severe
faggot son-of-a-bitch,faggot,bitch,,sexual orientation / sexual,3.0,Severe
faggoting,faggot,,,sexual orientation / sexual,3.0,Severe
faggots,faggot,,,sexual orientation / sexual,3.0,Severe
faggs,faggot,,,sexual orientation / sexual,3.0,Severe
faggy,faggot,,,sexual orientation / sexual,3.0,Severe
fagot,faggot,,,sexual orientation / sexual,2.8,Severe
fags,faggot,,,sexual orientation / sexual,3.0,Severe
fagshit,faggot,shit,,violence / violence,3.0,Severe
fart-fucker,fuck,,,sexual,2.2,Strong
fatass,ass,,,sexual,1.2,Mild
fatasses,ass,,,sexual,1.2,Mild
fccuker,fuck,,,sexual,2.0,Strong
fck,fuck,,,sexual,2.4,Strong
fck you,fuck,,,sexual,2.2,Strong
fcka,fuck,,,sexual,1.8,Strong
fckahz,fuck,,,sexual,2.2,Strong
fcked,fuck,,,sexual,2.0,Strong
fckedup,fuck,,,sexual,2.0,Strong
fcker,fuck,,,sexual,2.2,Strong
fckin,fuck,,,sexual,2.0,Strong
fcking,fuck,,,sexual,2.2,Strong
Fckk,fuck,,,sexual,2.2,Strong
fckked,fuck,,,sexual,2.0,Strong
fckking,fuck,,,sexual,2.2,Strong
fcks,fuck,,,sexual,2.0,Strong
fcktard,fuck,retard,,sexual,2.8,Severe
fckyeah,fuck,,,other / general insult,1.6,Strong
fcuk,fuck,,,sexual,2.0,Strong
fcuked,fuck,,,sexual,2.2,Strong
fcuker,fuck,,,sexual,2.4,Strong
fcukers,fuck,,,sexual,2.2,Strong
fcuking,fuck,,,sexual,2.2,Strong
fcukker,fuck,,,sexual,2.2,Strong
fcuks,fuck,,,sexual,2.2,Strong
fcvking,fuck,,,sexual,2.2,Strong
feck,fuck,,,sexual,1.6,Strong
feck arse,arse,,,sexual,2.2,Strong
fecker,fuck,,,sexual,2.2,Strong
feg,faggot,,,sexual orientation / sexual,2.4,Strong
fellatio aficionado,fellatio,,,sexual,2.0,Strong
fellator,fellatio,,,sexual,1.6,Strong
fick,fuck,,,sexual,1.6,Strong
finger,finger,,,sexual,1.0,Mild
finger fuck,fuck,,,sexual,2.6,Severe
fingerbanged,finger,,,sexual,1.6,Strong
fingerpop,finger,,,sexual,1.4,Mild
fk bunny,fuck,,,sexual,2.0,Strong
fkbny,fuck,,,sexual,1.6,Strong
fked,fuck,,,sexual,2.0,Strong
fker,fuck,,,sexual,2.4,Strong
fking,fuck,,,sexual,2.2,Strong
fkings,fuck,,,sexual,1.8,Strong
fkker,fuck,,,sexual,2.2,Strong
flamer,flamer,,,sexual orientation / sexual,2.0,Strong
flamers,flamer,,,sexual orientation / sexual,2.8,Severe
focker,fuck,,,sexual,2.0,Strong
fook,fuck,,,sexual,1.6,Strong
fooker,fuck,,,sexual,1.8,Strong
fookuh,fuck,,,sexual,1.8,Strong
forked,fuck,,,sexual,1.0,Mild
fothermuckers,motherfucker,,,sexual,1.8,Strong
fuc,fuck,,,sexual,1.6,Strong
fucc,fuck,,,sexual,2.0,Strong
fucca,fuck,,,sexual,2.0,Strong
fuccers,fuck,,,sexual,2.2,Strong
fuccing,fuck,,,sexual,2.6,Severe
fuccs,fuck,,,sexual,2.0,Strong
Fuck,fuck,,,sexual,2.0,Strong
fuck arse,fuck,arse,,sexual,2.4,Strong
fuck face,fuck,,,sexual,2.4,Strong
fuck faces,fuck,,,sexual,2.2,Strong
fuck goblin,fuck,,,sexual,2.2,Strong
fuck head,fuck,,,sexual,2.4,Strong
fuck off,fuck,,,sexual,2.0,Strong
fuck up,fuck,,,sexual,1.8,Strong
fuck y0u,fuck,,,sexual,2.4,Strong
fuck you,fuck,,,sexual,2.4,Strong
fuck your,fuck,,,sexual,2.4,Strong
fuck your mother,fuck,motherfucker,,sexual,2.8,Severe
fucka,fuck,,,sexual,2.2,Strong
fuckahs,fuck,,,sexual,2.0,Strong
fuckass,fuck,ass,,sexual,2.4,Strong
fuckasses,fuck,ass,,sexual,2.4,Strong
fuckaz,fuck,ass,,sexual,2.2,Strong
fuckbag,fuck,,,sexual,2.6,Severe
fuckboy,fuck,,,sexual,2.6,Severe
fucked,fuck,,,sexual,1.8,Strong
fucked up,fuck,,,sexual,2.2,Strong
fuckem,fuck,,,sexual,2.2,Strong
fucker,fuck,,,sexual,2.2,Strong
fucker off,fuck,,,sexual,2.0,Strong
fuckers,fuck,,,sexual,2.4,Strong
fuckface,fuck,,,sexual,2.2,Strong
fuckfaces,fuck,,,sexual,2.2,Strong
fuckhead,fuck,,,sexual,2.2,Strong
fuckheaded,fuck,,,sexual,2.6,Severe
fuckheads,fuck,,,sexual,2.6,Severe
fuckin,fuck,,,sexual,2.0,Strong
fucking,fuck,,,sexual,2.2,Strong
fucking A,fuck,,,sexual,2.4,Strong
fucking asshole,fuck,ass,,sexual,2.8,Severe
fucking bastard,fuck,bastard,,sexual,2.4,Strong
fucking hell,fuck,hell,,sexual,2.0,Strong
fucking me,fuck,,,sexual,2.2,Strong
fucking retard,fuck,retard,,sexual,3.0,Severe
fucking shit,fuck,shit,,sexual,1.8,Strong
fuckk,fuck,,,sexual,2.2,Strong
fuckless,fuck,,,sexual,2.0,Strong
fuckmachine,fuck,,,sexual,2.0,Strong
fucknuckle,fuck,,,sexual,2.4,Strong
fucks,fuck,,,sexual,2.0,Strong
fuckshit,fuck,shit,,sexual,2.4,Strong
fuckshitface,fuck,shit,,sexual,2.4,Strong
fuckshithead,fuck,shit,,sexual,2.8,Severe
fuckstar,fuck,,,sexual,2.2,Strong
fuckster,fuck,,,sexual,2.2,Strong
fuckstick,fuck,,,sexual,2.2,Strong
fucktard,fuck,retard,,sexual,2.8,Severe
fucktards,fuck,retard,,sexual,2.6,Severe
fuckup,fuck,,,sexual,2.0,Strong
fuckwad,fuck,,,sexual,2.2,Strong
fuckwhore,fuck,whore,,sexual,2.6,Severe
fucs,fuck,,,sexual,2.4,Strong
fucx,fuck,,,sexual,2.2,Strong
fudgefucker,fudge packer,fuck,,sexual,3.0,Severe
fudgepacker,fudge packer,,,sexual orientation / sexual,2.4,Strong
fudgepackers,fudge packer,,,sexual,2.2,Strong
fudgepackershitter,fudge packer,shit,,sexual,3.0,Severe
fudgepacking fucker,fudge packer,fuck,,sexual,3.0,Severe
fugged,fuck,,,sexual,1.8,Strong
fugger,fuck,,,sexual,2.0,Strong
fuggerz,fuck,,,sexual,2.6,Severe
fuggings,fuck,,,sexual,2.0,Strong
fugly,fuck,,,physical attributes,1.4,Mild
fuk,fuck,,,sexual,2.0,Strong
fuk1n,fuck,,,sexual,2.0,Strong
fuk1ng,fuck,,,sexual,2.2,Strong
fukcs,fuck,,,sexual,2.0,Strong
fuker,fuck,,,sexual,2.2,Strong
fukheads,fuck,,,sexual,2.0,Strong
fukin,fuck,,,sexual,2.2,Strong
fuking,fuck,,,sexual,2.0,Strong
fukk,fuck,,,sexual,2.0,Strong
fukka,fuck,,,sexual,2.2,Strong
fukked,fuck,,,sexual,2.0,Strong
fukker,fuck,,,sexual,2.0,Strong
fukkers,fuck,,,sexual,2.0,Strong
fukking,fuck,,,sexual,2.0,Strong
fukkings,fuck,,,sexual,2.0,Strong
fukkuh,fuck,,,sexual,2.2,Strong
fuks,fuck,,,sexual,2.2,Strong
fuku,fuck,,,sexual,2.6,Severe
fukwhore,fuck,whore,,sexual,2.8,Severe
fukwit,fuck,,,sexual,2.2,Strong
full of shit,shit,,,violence / violence,1.0,Mild
funbags,funbags,,,sexual,1.0,Mild
fuq,fuck,,,sexual,1.8,Strong
futhamucka,motherfucker,,,sexual,2.6,Severe
fux,fuck,,,sexual,2.2,Strong
fux0r,fuck,,,sexual,2.0,Strong
fvck,fuck,,,sexual,1.8,Strong
fvck you,fuck,,,sexual,2.2,Strong
fvcka,fuck,,,sexual,2.0,Strong
fvckbunny,fuck,,,sexual,2.2,Strong
fvcker,fuck,,,sexual,2.4,Strong
fvckers,fuck,,,sexual,2.2,Strong
fvckin,fuck,,,sexual,1.8,Strong
fvcking,fuck,,,sexual,2.0,Strong
fvckker bunny,fuck,,,sexual,2.2,Strong
fvckwhi,fuck,,,sexual,2.2,Strong
fxck,fuck,,,sexual,1.6,Strong
fxcked,fuck,,,sexual,2.0,Strong
fxcker,fuck,,,sexual,2.2,Strong
fxcking,fuck,,,sexual,2.2,Strong
g@y b1tch,bitch,gay,,sexual orientation / sexual,2.6,Severe
g@ylord,gay,,,sexual orientation / sexual,1.8,Strong
g@yshit,shit,gay,,sexual orientation / sexual,2.6,Severe
g0ddamn,damn,,,religion,1.2,Mild
g0ddamned,damn,,,religion,1.6,Strong
g0ddamnit,damn,,,religion,1.0,Mild
gash-stabber,gash-stabber,,,sexual,2.0,Strong
gay ass,gay,ass,,sexual,2.6,Severe
gay bitch,gay,bitch,,sexual orientation / sexual,2.6,Severe
gay fuck,fuck,gay,,sexual orientation / sexual,2.6,Severe
gay fucker,fuck,gay,,sexual,2.8,Severe
gay shit,gay,shit,,violence / violence,1.8,Strong
gay wad,gay,,,sexual orientation / sexual,2.0,Strong
gayest,gay,,,sexual orientation / sexual,1.0,Mild
gaylord,gay,,,sexual orientation / sexual,1.6,Strong
gaylords,gay,,,sexual orientation / sexual,2.2,Strong
gayness,gay,,,sexual orientation / sexual,1.4,Mild
gaysian,gay,,,sexual orientation / sexual,2.6,Severe
gaytard,gay,retard,,sexual orientation / sexual,2.8,Severe
geebag,garbage bag,,,sexual orientation / sexual,1.8,Strong
get fucked,fuck,,,sexual,2.4,Strong
gin jockey,gin jockey,,,sexual,2.0,Strong
girlieboy,girlyboy,,,sexual orientation / sexual,1.4,Mild
girly bits,girly bits,,,sexual,1.0,Mild
girlyboy,girlyboy,,,sexual orientation / sexual,1.4,Mild
go fuck yourself,fuck,,,sexual,2.6,Severe
go to hell,hell,,,other / general insult,1.0,Mild
gobshite,shit,,,violence / violence,1.8,Strong
god dammit,damn,,,religion,1.6,Strong
god damn,damn,,,religion,1.4,Mild
god damn it,damn,,,religion,1.8,Strong
god damned,damn,,,religion,1.2,Mild
god damnit,damn,,,religion,2.2,Strong
god-dam,damn,,,religion,1.2,Mild
god-damned,damn,,,religion,1.4,Mild
godamnit,damn,,,religion,2.0,Strong
godd@amn,damn,,,religion,1.4,Mild
godd@mnit,damn,,,religion,1.4,Mild
goddammit,damn,,,religion,1.0,Mild
goddamn,damn,,,religion,1.6,Strong
goddamn mothafuckers,motherfucker,damn,,sexual,2.8,Severe
goddamn son of a bitch,damn,bitch,,religion,2.2,Strong
goddamn son-of-a-bitch,damn,bitch,,religion,1.4,Mild
goddamned,damn,,,religion,1.8,Strong
goddamnit,damn,,,religion,1.6,Strong
gook,gook,,,racial / ethnic slurs,2.8,Severe
gowl,gowl,,,other / general insult,1.6,Strong
greaser,greaser,,,racial / ethnic slurs,1.0,Mild
groid,groid,,,racial / ethnic slurs,2.0,Strong
groper,grope,,,sexual,1.4,Mild
gyp,gypsy,,,racial / ethnic slurs,2.0,Strong
harry palms,harry palms,,,sexual,1.6,Strong
heeb,hebe,,,racial / ethnic slurs,2.2,Strong
higg@,nigger,,,racial / ethnic slurs,2.6,Severe
higg3r,nigger,,,racial / ethnic slurs,2.8,Severe
higga,nigger,,,racial / ethnic slurs,2.8,Severe
higger,nigger,,,racial / ethnic slurs,2.6,Severe
higgers,nigger,,,racial / ethnic slurs,3.0,Severe
hoar,whore,,,sexual orientation / sexual,1.8,Strong
hoe,hoe,,,sexual orientation / sexual,2.0,Strong
hoe-asses,hoe,ass,,sexual orientation / sexual,2.2,Strong
hoebag,hoe,,,sexual orientation / sexual,2.0,Strong
hoes,hoe,,,sexual orientation / sexual,2.0,Strong
holy fuck,fuck,,,sexual,2.0,Strong
homo,homosexual,,,sexual orientation / sexual,2.2,Strong
homo asses,homosexual,ass,,sexual,2.8,Severe
homos,homosexual,,,sexual orientation / sexual,2.2,Strong
hooters,hooters,,,sexual,1.0,Mild
horse shit,shit,,,violence / violence,1.2,Mild
horse's asses,ass,,,sexual,1.4,Mild
horseshit,shit,,,violence / violence,1.2,Mild
hustler,hustler,,,other / general insult,1.0,Mild
injun,injun,,,racial / ethnic slurs,2.4,Strong
j-offs,jerk off,,,sexual,1.4,Mild
j3rk,jerk,,,other / general insult,1.0,Mild
ja!lbait,jailbait,,,sexual,1.0,Mild
ja1lbait,jailbait,,,physical attributes,1.0,Mild
Jack off,jackoff,,,sexual,1.4,Mild
jack-off,jack off,,,sexual,1.2,Mild
jack-offs,jack off,,,sexual,1.4,Mild
jackarse,arse,,,sexual,1.0,Mild
jackass,ass,,,animal references,1.0,Mild
jackasses,ass,,,sexual,1.0,Mild
jackasss,ass,,,animal references,1.2,Mild
jackoff,jack off,,,sexual,2.0,Strong
jackoffs,jack off,,,sexual,1.2,Mild
jackoffz,jack off,,,sexual,1.6,Strong
jagoff,jack off,,,sexual,1.0,Mild
jailba!t,jailbait,,,physical attributes,1.6,Strong
jailbait,jailbait,,,sexual,1.0,Mild
jap,jap,,,racial / ethnic slurs,2.8,Severe
jerk off,jerk off,,,sexual,1.0,Mild
jerk-0ff,jerk off,,,sexual,1.2,Mild
jerk-0ffs,jerk off,,,sexual,1.4,Mild
jerk-off,jerk off,,,sexual,1.2,Mild
jerk-offs,jerk off,,,sexual,1.0,Mild
jerking off,jerk off,,,sexual,1.0,Mild
jerkoff,jerk off,,,sexual,1.6,Strong
jerkoff jerking off,jerk off,,,sexual,1.2,Mild
jerkoffs,jerk off,,,sexual,1.2,Mild
jerks off,jerk off,,,sexual,1.4,Mild
jewboy,jew,,,racial / ethnic slurs,2.8,Severe
jigaboo,jiggaboo,,,racial / ethnic slurs,2.4,Strong
jigaboos,jiggaboo,,,racial / ethnic slurs,2.8,Severe
jigga,jiggaboo,nigger,,racial / ethnic slurs,2.4,Strong
jiggaboo,jiggaboo,,,racial / ethnic slurs,3.0,Severe
jiggabooboo,jiggaboo,,,racial / ethnic slurs,2.4,Strong
jiggaboos,jiggaboo,,,racial / ethnic slurs,3.0,Severe
jiggabu,jiggaboo,,,racial / ethnic slurs,3.0,Severe
jiggas,jiggaboo,,,racial / ethnic slurs,2.8,Severe
jigger,jiggaboo,nigger,,racial / ethnic slurs,3.0,Severe
jiggerboo,jiggaboo,,,racial / ethnic slurs,2.6,Severe
jiggerboos,jiggaboo,,,racial / ethnic slurs,3.0,Severe
jiggs,jiggaboo,,,racial / ethnic slurs,2.6,Severe
jiggyboo,jiggaboo,,,racial / ethnic slurs,3.0,Severe
jigro,jiggaboo,nigger,,racial / ethnic slurs,2.8,Severe
jim crow,jim crow,,,racial / ethnic slurs,1.4,Mild
jizz,jizz,,,violence / violence,1.6,Strong
jizz eater,jizz,,,sexual,2.4,Strong
jizz licker,jizz,,,sexual,2.4,Strong
jizz-jockey,jizz,,,violence / violence,2.2,Strong
jizzbags,jizz,,,violence / violence,2.4,Strong
jizzed,jizz,,,violence / violence,2.0,Strong
jizzes,jizz,,,violence / violence,2.2,Strong
jizzfucker,fuck,jizz,,violence / violence,2.6,Severe
jizzing,jizz,,,violence / violence,1.6,Strong
jizzsacks,jizz,,,sexual,1.8,Strong
jizzstain,jizz,,,violence / violence,2.8,Severe
jizzy,jizz,,,violence / violence,1.6,Strong
k!k3,kike,,,racial / ethnic slurs,2.6,Severe
k!ke,kike,,,racial / ethnic slurs,3.0,Severe
k..!ke,kike,,,racial / ethnic slurs,3.0,Severe
k1k3,kike,,,racial / ethnic slurs,3.0,Severe
k1ke,kike,,,racial / ethnic slurs,2.8,Severe
kid diddler,diddle,,,sexual,3.0,Severe
kiddy touch,kidtoucher,,,sexual,1.8,Strong
kike,kike,,,racial / ethnic slurs,3.0,Severe
kikes,kike,,,racial / ethnic slurs,3.0,Severe
kiss ass,ass,,,sexual,1.0,Mild
kiss my ass,ass,,,sexual,1.6,Strong
kitty puncher,kitty puncher,,,sexual,2.2,Strong
kkk,kkk,,,other / general insult,1.8,Strong
klan,klan,,,racial / ethnic slurs,1.8,Strong
klitoris,clit,,,sexual,1.0,Mild
kneegrows,negro,,,racial / ethnic slurs,2.8,Severe
knickers,nigger,,,racial / ethnic slurs,1.8,Strong
knob,knob,,,sexual,1.4,Mild
knob eater,knob,,,sexual,2.2,Strong
knob gobbler,knob,,,sexual,1.8,Strong
knob jockey,knob,,,sexual,1.8,Strong
knob-face,knob,,,sexual,1.6,Strong
knob-gobbler,knob,,,sexual,1.6,Strong
knob-head,knob,,,sexual,2.0,Strong
knob3d,knob,,,sexual,1.6,Strong
knob3nd,knob,,,sexual,1.2,Mild
knobd,knob,,,sexual,1.2,Mild
knobe,knob,,,sexual,1.0,Mild
knobead,knob,,,sexual,1.4,Mild
knobeads,knob,,,sexual,1.4,Mild
knobed,knob,,,sexual,1.4,Mild
knobeds,knob,,,sexual,1.8,Strong
knobend,knob,,,sexual,1.2,Mild
knobender,knob,,,sexual,2.2,Strong
knobends,knob,,,sexual,1.4,Mild
knobendy,knob,,,sexual,1.6,Strong
knobendz,knob,,,sexual,1.4,Mild
knober,knob,,,sexual,1.0,Mild
knobes,knob,,,sexual,1.2,Mild
knobgobbler,knob,,,sexual,1.8,Strong
knobhead,knob,,,sexual,1.6,Strong
knobheads,knob,,,sexual,1.6,Strong
knobjockies,knob,,,sexual,1.8,Strong
knobjocky,knob,,,sexual,2.2,Strong
knobjokey,knob,,,sexual orientation / sexual,2.6,Severe
knobjokeys,knob,,,sexual,1.8,Strong
ku kluxer,ku kluxer,,,racial / ethnic slurs,2.6,Severe
kyke,kike,,,racial / ethnic slurs,3.0,Severe
l@dyb0i,ladyboy,,,sexual orientation / sexual,2.2,Strong
l@dyb0y,ladyboy,,,sexual orientation / sexual,2.0,Strong
l@dyboy,ladyboy,,,sexual orientation / sexual,2.0,Strong
l3i + ch,bitch,,,sexual orientation / sexual,1.2,Mild
l3i+ch,bitch,,,sexual orientation / sexual,1.2,Mild
l3itch,bitch,,,sexual orientation / sexual,1.4,Mild
l3itches,bitch,,,sexual orientation / sexual,1.2,Mild
ladboys,ladyboy,,,sexual orientation / sexual,1.4,Mild
ladboyz,ladyboy,,,sexual orientation / sexual,1.4,Mild
ladiboy,ladyboy,,,sexual orientation / sexual,2.2,Strong
lady-boy,ladyboy,,,sexual orientation / sexual,2.6,Severe
ladyb0i,ladyboy,,,sexual orientation / sexual,2.2,Strong
ladyb0y,ladyboy,,,sexual orientation / sexual,2.4,Strong
ladyboy,ladyboy,,,sexual orientation / sexual,2.2,Strong
ladyboys,ladyboy,,,sexual orientation / sexual,2.4,Strong
ladyboyz,ladyboy,,,sexual orientation / sexual,1.4,Mild
lesbo,lesbian,,,sexual orientation / sexual,2.2,Strong
loose woman,loose,,,sexual orientation / sexual,1.4,Mild
m@asterbated,masturbate,,,sexual,1.4,Mild
m@derfaker,motherfucker,,,sexual,2.8,Severe
m@derfuck,motherfucker,,,sexual,3.0,Severe
m@derfuckers,motherfucker,,,sexual,2.6,Severe
m0f0,motherfucker,,,sexual,2.0,Strong
m0f0s,motherfucker,,,other / general insult,2.4,Strong
m0fo,motherfucker,,,sexual,2.6,Severe
m0foes,motherfucker,,,other / general insult,2.2,Strong
m0fos,motherfucker,,,sexual,2.6,Severe
m0ng0l0id,mongoloid,,,bad language,2.2,Strong
m0ngoloid,mongoloid,,,racial / ethnic slurs,2.2,Strong
m0thafucked,motherfucker,,,sexual,3.0,Severe
m0thafucker,motherfucker,,,sexual,3.0,Severe
m0thafucking,motherfucker,,,sexual,2.8,Severe
m0therfuckeds,motherfucker,,,sexual,2.8,Severe
m0therfucker,motherfucker,,,sexual,2.4,Strong
m0therfucking,motherfucker,,,sexual,3.0,Severe
m0therfvcker,motherfucker,,,sexual,3.0,Severe
man chowder,man chowder,,,violence / violence,1.0,Mild
man meat,meat,,,sexual,1.2,Mild
man seed,man seed,,,violence / violence,1.0,Mild
markasses,ass,,,sexual,2.0,Strong
meat curtains,meat curtains,,,sexual,2.0,Strong
meat-sword,meat,,,sexual,1.2,Mild
mecha fag,faggot,,,sexual orientation / sexual,3.0,Severe
mega fag,faggot,,,sexual orientation / sexual,2.8,Severe
mf'er,motherfucker,,,sexual,2.2,Strong
mf'ers,motherfucker,,,sexual,2.6,Severe
mf'ing,motherfucker,,,sexual,2.2,Strong
mfckers,motherfucker,,,sexual,2.2,Strong
MFer,motherfucker,,,sexual,1.8,Strong
MFers,motherfucker,,,sexual,2.8,Severe
mfing,motherfucker,,,sexual,1.8,Strong
mfk,motherfucker,,,sexual,1.6,Strong
mfs,motherfucker,,,sexual,2.2,Strong
mfukk,motherfucker,,,sexual,3.0,Severe
mfukker,motherfucker,,,sexual,2.8,Severe
milf,milf,,,sexual,1.8,Strong
mindfuck,motherfucker,,,sexual,2.2,Strong
mof0es,motherfucker,,,sexual,2.2,Strong
mof0s,motherfucker,,,other / general insult,2.6,Severe
mofcker,motherfucker,,,sexual,2.6,Severe
mofo,motherfucker,,,sexual,2.0,Strong
mofo ass,motherfucker,ass,,sexual,2.4,Strong
mofoes,motherfucker,,,other / general insult,2.0,Strong
mofos,motherfucker,,,sexual,2.0,Strong
mofoshit,motherfucker,shit,,sexual,2.2,Strong
mofuccers,motherfucker,,,sexual,2.4,Strong
mofucckers,motherfucker,,,sexual,2.4,Strong
mofuck,motherfucker,,,sexual,2.8,Severe
mofucker,motherfucker,,,other / general insult,2.0,Strong
mofuckkas,motherfucker,,,sexual,2.4,Strong
mofuk,motherfucker,,,other / general insult,2.2,Strong
mofukkas,motherfucker,,,sexual,2.4,Strong
molester,molest,,,sexual,2.2,Strong
mong,mong,,,racial / ethnic slurs,1.8,Strong
mongoloid,mongoloid,,,racial / ethnic slurs,2.2,Strong
mongrel,mongrel,,,racial / ethnic slurs,2.6,Severe
motha fucka,motherfucker,,,sexual,2.8,Severe
motha fucker,motherfucker,,,sexual,2.4,Strong
motha fuckers,motherfucker,,,sexual,3.0,Severe
mothaf@cked,motherfucker,,,sexual,2.6,Severe
mothafcked,motherfucker,,,sexual,2.6,Severe
mothafcking,motherfucker,,,sexual,2.8,Severe
Mothafucc,motherfucker,,,sexual,2.8,Severe
mothafucced,motherfucker,,,sexual,2.6,Severe
mothafuccer,motherfucker,,,sexual,3.0,Severe
mothafuccing,motherfucker,,,sexual,3.0,Severe
mothafuck,motherfucker,,,sexual,2.8,Severe
mothafucka,motherfucker,,,sexual,2.8,Severe
mothafuckas,motherfucker,,,sexual,2.6,Severe
mothafuckasses,motherfucker,ass,,sexual,3.0,Severe
mothafuckaz,motherfucker,,,sexual,2.6,Severe
mothafuckazzes,motherfucker,,,sexual,3.0,Severe
mothafucked,motherfucker,,,sexual,2.8,Severe
mothafuckeds,motherfucker,,,sexual,2.8,Severe
mothafucker,motherfucker,,,sexual,3.0,Severe
mothafuckers,motherfucker,,,sexual,2.6,Severe
mothafuckin,motherfucker,,,sexual,2.6,Severe
mothafucking,motherfucker,,,sexual,3.0,Severe
mothafuckings,motherfucker,,,sexual,2.8,Severe
mothafuckins,motherfucker,,,sexual,2.6,Severe
mothafucks,motherfucker,,,sexual,2.8,Severe
mothafuckz,motherfucker,,,sexual,2.6,Severe
mothafvcked,motherfucker,,,sexual,2.8,Severe
mother effer,motherfucker,,,sexual,2.2,Strong
mother fuck,motherfucker,,,sexual,2.8,Severe
mother fuck you,motherfucker,,,sexual,2.6,Severe
mother fucka,motherfucker,,,sexual,2.8,Severe
mother fucker,motherfucker,,,sexual,3.0,Severe
mother fuckers,motherfucker,,,sexual,3.0,Severe
mother fucking,motherfucker,,,sexual,3.0,Severe
mothercker,motherfucker,,,sexual,2.2,Strong
motherf@kka,motherfucker,,,sexual,2.6,Severe
motherfacking,motherfucker,,,sexual,2.4,Strong
motherfcked,motherfucker,,,sexual,2.8,Severe
motherfckin,motherfucker,,,sexual,3.0,Severe
motherfcking,motherfucker,,,sexual,3.0,Severe
motherfcks,motherfucker,,,sexual,2.8,Severe
motherfckshit,motherfucker,shit,,sexual,2.8,Severe
motherfecka,motherfucker,,,sexual,2.4,Strong
motherfecker,motherfucker,,,sexual,2.8,Severe
motherfk,motherfucker,,,sexual,2.8,Severe
motherfucca,motherfucker,,,sexual,2.6,Severe
motherfuccas,motherfucker,,,sexual,3.0,Severe
motherfuccers,motherfucker,,,sexual,3.0,Severe
motherfuck,motherfucker,,,sexual,2.4,Strong
motherfucked,motherfucker,,,sexual,3.0,Severe
motherfuckeds,motherfucker,,,sexual,3.0,Severe
motherfucker,motherfucker,,,sexual,3.0,Severe
motherfuckers,motherfucker,,,sexual,2.8,Severe
motherfuckin,motherfucker,,,sexual,2.6,Severe
motherfucking,motherfucker,,,sexual,2.8,Severe
motherfuckings,motherfucker,,,sexual,2.8,Severe
motherfuckingshit,motherfucker,shit,,sexual,2.8,Severe
motherfuckins,motherfucker,,,sexual,2.8,Severe
motherfuckka,motherfucker,,,sexual,3.0,Severe
motherfuckkas,motherfucker,,,sexual,3.0,Severe
motherfuckkers,motherfucker,,,sexual,3.0,Severe
motherfucks,motherfucker,,,sexual,3.0,Severe
motherfukka,motherfucker,,,sexual,3.0,Severe
motherfukker,motherfucker,,,sexual,3.0,Severe
motherfukkings,motherfucker,,,sexual,2.6,Severe
motherfvck,motherfucker,,,sexual,2.6,Severe
motherfvcked,motherfucker,,,sexual,2.6,Severe
motherfvckeds,motherfucker,,,sexual,2.2,Strong
motherfvcker,motherfucker,,,sexual,3.0,Severe
motherfvckers,motherfucker,,,sexual,2.8,Severe
motherfvcking,motherfucker,,,sexual,2.8,Severe
motherfxck,motherfucker,,,other / general insult,2.4,Strong
motherfxcking,motherfucker,,,sexual,2.6,Severe
mothfck,motherfucker,,,sexual,2.6,Severe
mothter fuck,motherfucker,,,sexual,3.0,Severe
mtherfuker,motherfucker,,,sexual,3.0,Severe
mthrfcker,motherfucker,,,sexual,2.6,Severe
muddafukkas,motherfucker,,,sexual,3.0,Severe
mudderfuk,motherfucker,,,sexual,2.2,Strong
mudderfukker,motherfucker,,,sexual,2.6,Severe
mufdive,muff,,,sexual,1.8,Strong
mufdivin,muff,,,sexual,2.8,Severe
muff,muff,,,sexual,1.4,Mild
muffdiving,muff,,,sexual,2.0,Strong
muffdivings,muff,,,sexual,2.2,Strong
muffindivin,muff,,,sexual,1.8,Strong
muffindiving,muff,,,sexual,1.8,Strong
muhfucking,motherfucker,,,sexual,2.4,Strong
mushroom tip,mushroom tip,,,sexual,1.4,Mild
mutha fucka,motherfucker,,,sexual,2.8,Severe
mutha fucker,motherfucker,,,sexual,2.4,Strong
muthafecker,motherfucker,,,sexual,2.8,Severe
muthafeckers,motherfucker,,,sexual,3.0,Severe
muthafucka,motherfucker,,,sexual,2.8,Severe
muthafuckers,motherfucker,,,sexual,3.0,Severe
muthafuckings,motherfucker,,,sexual,3.0,Severe
muthafuckker,motherfucker,,,sexual,3.0,Severe
muthafuckkers,motherfucker,,,sexual,2.8,Severe
muthafukka,motherfucker,,,sexual,3.0,Severe
mutherfucker,motherfucker,,,sexual,2.6,Severe
mutherfuckers,motherfucker,,,sexual,2.8,Severe
n0bhead,knob,,,sexual,1.6,Strong
n0bj0cky,knob,,,sexual,2.4,Strong
n1ckker,nigger,,,racial / ethnic slurs,2.8,Severe
n1g3r,nigger,,,racial / ethnic slurs,3.0,Severe
n1g3rz,nigger,,,racial / ethnic slurs,3.0,Severe
n1gg@,nigger,,,racial / ethnic slurs,3.0,Severe
n1gg@hs,niggger,,,racial / ethnic slurs,2.8,Severe
n1gg3r,nigger,,,racial / ethnic slurs,3.0,Severe
n1gg3rs,nigger,,,racial / ethnic slurs,3.0,Severe
n1gga,nigger,,,racial / ethnic slurs,2.4,Strong
n1ggah,nigger,,,racial / ethnic slurs,2.8,Severe
n1ggahs,niggers,,,racial / ethnic slurs,3.0,Severe
n1ggas,nigger,,,racial / ethnic slurs,3.0,Severe
n1ggazes,nigger,,,racial / ethnic slurs,3.0,Severe
n1gger,nigger,,,racial / ethnic slurs,3.0,Severe
n1ggers,nigger,,,racial / ethnic slurs,3.0,Severe
n1gguh,nigger,,,racial / ethnic slurs,2.8,Severe
n3gro,negro,,,racial / ethnic slurs,2.4,Strong
negga,nigger,,,racial / ethnic slurs,2.8,Severe
neggar,nigger,,,racial / ethnic slurs,2.8,Severe
negr0,negro,,,racial / ethnic slurs,2.8,Severe
negro,negro,,,racial / ethnic slurs,2.0,Strong
negroes,negro,,,racial / ethnic slurs,2.6,Severe
negroid,negro,,,racial / ethnic slurs,2.6,Severe
niccer,nigger,,,racial / ethnic slurs,2.6,Severe
nicka,nigger,,,racial / ethnic slurs,2.6,Severe
nickas,nigger,,,racial / ethnic slurs,2.8,Severe
nicker,nigger,,,racial / ethnic slurs,3.0,Severe
nickk3r,nigger,,,racial / ethnic slurs,3.0,Severe
nickker,nigger,,,racial / ethnic slurs,3.0,Severe
nig,nigger,,,racial / ethnic slurs,3.0,Severe
nig-nog,nigger,,,racial / ethnic slurs,2.8,Severe
niga,nigger,,,racial / ethnic slurs,2.6,Severe
nigah,nigger,,,racial / ethnic slurs,2.8,Severe
nigasses,nigger,ass,,racial / ethnic slurs,3.0,Severe
nigers,nigger,,,racial / ethnic slurs,3.0,Severe
nigg@,nigger,,,racial / ethnic slurs,2.8,Severe
nigg@hs,nigger,,,racial / ethnic slurs,2.8,Severe
nigg@s,nigger,,,racial / ethnic slurs,2.8,Severe
nigg@z,nigger,,,racial / ethnic slurs,2.6,Severe
nigg@zzes,nigger,,,racial / ethnic slurs,2.8,Severe
nigg3r,nigger,,,racial / ethnic slurs,3.0,Severe
nigg3rs,nigger,,,racial / ethnic slurs,3.0,Severe
nigg4h,nigger,,,racial / ethnic slurs,3.0,Severe
nigg4hs,nigger,,,racial / ethnic slurs,2.8,Severe
nigga,nigger,,,racial / ethnic slurs,2.8,Severe
nigga lover,nigger,,,racial / ethnic slurs,3.0,Severe
niggah,nigger,,,racial / ethnic slurs,2.8,Severe
niggahs,nigger,,,racial / ethnic slurs,2.2,Strong
niggahz,nigger,,,racial / ethnic slurs,3.0,Severe
niggas,nigger,,,racial / ethnic slurs,2.8,Severe
niggass,nigger,ass,,racial / ethnic slurs,2.6,Severe
niggaz,nigger,,,racial / ethnic slurs,2.2,Strong
niggazzes,nigger,,,racial / ethnic slurs,2.8,Severe
nigger,nigger,,,racial / ethnic slurs,3.0,Severe
nigger lover,nigger,,,racial / ethnic slurs,3.0,Severe
niggers,nigger,,,racial / ethnic slurs,3.0,Severe
niggerz,nigger,,,racial / ethnic slurs,3.0,Severe
niggir,nigger,,,racial / ethnic slurs,3.0,Severe
niggress,nigger,,,racial / ethnic slurs,3.0,Severe
nigguh,nigger,,,racial / ethnic slurs,2.8,Severe
nigguhs,nigger,,,racial / ethnic slurs,3.0,Severe
nigguhz,nigger,,,racial / ethnic slurs,3.0,Severe
niglet,nigger,,,racial / ethnic slurs,3.0,Severe
nignigs,nigger,,,racial / ethnic slurs,3.0,Severe
nignog,nigger,,,racial / ethnic slurs,2.8,Severe
nigra,nigger,,,racial / ethnic slurs,2.8,Severe
nigre,nigger,nigga,,racial / ethnic slurs,3.0,Severe
nigs,nigger,,,racial / ethnic slurs,2.8,Severe
niguh,nigger,,,racial / ethnic slurs,2.8,Severe
nikk3r,nigger,,,racial / ethnic slurs,3.0,Severe
nikkas,nigger,,,racial / ethnic slurs,3.0,Severe
nikker,nigger,,,racial / ethnic slurs,2.8,Severe
nip,nipple,,,sexual,2.0,Strong
nob jockey,knob,,,sexual,2.2,Strong
nob jokeys,knob,,,sexual,1.8,Strong
nobbyhead,knob,,,sexual,1.4,Mild
nobhead,knob,,,sexual,1.6,Strong
nobheads,knob,,,sexual,1.4,Mild
nobj0key,knob,,,sexual,1.8,Strong
nobjockies,knob,,,sexual,1.8,Strong
nobjocky,knob,,,sexual,2.4,Strong
nobjokey,knob,,,sexual,2.0,Strong
nobjokeys,knob,,,sexual orientation / sexual,1.8,Strong
nobs,knob,,,sexual,1.2,Mild
nonce,nonce,,,other / general insult,1.4,Mild
nuckas,nigger,,,racial / ethnic slurs,2.6,Severe
nuggets,nigger,,,racial / ethnic slurs,1.2,Mild
nut butter,nut butter,,,violence / violence,1.4,Mild
nutsack,nutsack,,,sexual,1.8,Strong
nutsacks,nutsack,,,sexual,1.6,Strong
nympho,nymph,,,sexual,1.0,Mild
nymphomaniac,nymph,,,other / general insult,1.4,Mild
octopussy,pussy,,,sexual,1.2,Mild
oven dodger,oven dodger,,,racial / ethnic slurs,2.0,Strong
p3n1shead,penis,,,sexual,1.8,Strong
p3nisfcker,penis,fuck,,sexual,3.0,Severe
p3nisfcukers,fuck,penis,,sexual,2.8,Severe
p3nisfvcker,penis,fuck,,sexual,2.8,Severe
p3nisfvckers,penis,fuck,,sexual,2.8,Severe
pack my fudge,fudge packer,,,sexual,2.0,Strong
packerfudgehead,fudge packer,,,sexual,2.2,Strong
packing fudge,fudge packer,,,sexual,2.4,Strong
packing fudgehead,fudge packer,,,violence / violence,1.8,Strong
packingfudge,fudge packer,,,sexual,2.4,Strong
packingfudgefucker,fudge packer,fuck,,sexual,2.8,Severe
packingfudgefucking,fudge packer,fuck,,sexual,2.4,Strong
packsomefudgefucker,fudge packer,fuck,,sexual,2.4,Strong
paki,paki,,,racial / ethnic slurs,2.6,Severe
palm jockey,palm jockey,,,sexual,1.2,Mild
pancake face,pancake face,,,racial / ethnic slurs,1.6,Strong
pecker,pecker,,,sexual,1.4,Mild
peckerhead,pecker,,,sexual,1.6,Strong
pedo,pedophile,,,sexual,2.2,Strong
pedobear,pedophile,,,sexual orientation / sexual,2.0,Strong
pedobears,pedophile,,,other / general insult,2.2,Strong
pedophl,pedophile,,,sexual,2.2,Strong
pedos,pedophile,,,other / general insult,2.4,Strong
pedoz,pedophile,,,sexual,2.0,Strong
peen,penis,,,sexual,1.0,Mild
peener,penis,,,sexual,1.0,Mild
penisfcker,penis,fuck,,sexual,3.0,Severe
penisfuccer,penis,fuck,,sexual,2.8,Severe
penisfucker,fuck,penis,,sexual,3.0,Severe
penisfuckers,fuck,penis,,sexual,3.0,Severe
penisfvcker,penis,fuck,,sexual,3.0,Severe
penisfvckers,penis,fuck,,sexual,2.8,Severe
penishead,penis,,,sexual,1.4,Mild
peter,peter puffer,,,sexual,1.0,Mild
peter puffer,peter puffer,,,sexual orientation / sexual,1.8,Strong
ph@ggots,faggot,,,sexual orientation / sexual,2.8,Severe
phaggot,faggot,,,sexual orientation / sexual,2.8,Severe
phaggots,faggot,,,sexual orientation / sexual,3.0,Severe
phagot,faggot,,,sexual orientation / sexual,3.0,Severe
phags,faggot,,,sexual orientation / sexual,3.0,Severe
phuc,fuck,,,sexual,2.0,Strong
phucc,fuck,,,sexual,2.0,Strong
phuccer,fuck,,,sexual,2.2,Strong
phucchead,fuck,,,sexual,2.0,Strong
phuccing,fuck,,,sexual,1.8,Strong
phuck,fuck,,,sexual,2.2,Strong
phuck3r,fuck,,,sexual,1.8,Strong
phucked,fuck,,,sexual,2.0,Strong
phucker,fuck,,,sexual,2.2,Strong
phuckin,fuck,,,sexual,2.0,Strong
phucking,fuck,,,sexual,2.4,Strong
phuckings,fuck,,,sexual,2.4,Strong
phucks,fuck,,,sexual,2.0,Strong
phucup,fuck,,,sexual,1.8,Strong
phuk,fuck,,,sexual,2.0,Strong
phuked,fuck,,,sexual,2.2,Strong
phukeds,fuck,,,sexual,2.0,Strong
phukhead,fuck,,,sexual,2.4,Strong
phuking,fuck,,,sexual,2.2,Strong
phukings,fuck,,,sexual,2.2,Strong
phukk,fuck,,,sexual,1.8,Strong
phukked,fuck,,,sexual,2.0,Strong
phukkeds,fuck,,,sexual,2.0,Strong
phukker,fuck,,,sexual,2.2,Strong
Phukking,fuck,,,sexual,1.8,Strong
phuks,fuck,,,sexual,2.2,Strong
phukshit,fuck,shit,,sexual,2.2,Strong
phuku,fuck,,,sexual,2.2,Strong
phukup,fuck,,,sexual,1.8,Strong
phuq,fuck,,,sexual,2.2,Strong
phuqs,fuck,,,sexual,1.8,Strong
phvckings,fuck,,,sexual,2.2,Strong
pig fucker,fuck,pig,,sexual,2.8,Severe
pigfucker,fuck,pig,,sexual,2.6,Severe
pigfuckers,fuck,pig,,sexual,3.0,Severe
pigfucking,fuck,pig,,sexual,2.6,Severe
pigfukker,fuck,pig,,sexual,2.8,Severe
piggyfuck,fuck,pig,,sexual,3.0,Severe
pigshit,shit,pig,,violence / violence,1.4,Mild
pillow biter,pillow biter,,,sexual,2.4,Strong
pillow-biter,pillow biter,,,sexual orientation / sexual,1.6,Strong
piss face,piss,,,violence / violence,1.4,Mild
piss off fuckhead,fuck,,,sexual,3.0,Severe
piss shit,piss,shit,,violence / violence,1.4,Mild
pissoff,piss,,,violence / violence,1.2,Mild
pissoffs,piss,,,violence / violence,1.4,Mild
pole licker,pole licker,,,sexual,2.2,Strong
pole smoker,pole smoker,,,sexual,2.0,Strong
pole sucker,pole sucker,,,sexual,1.8,Strong
polesmoker,polesmoker,,,sexual,2.2,Strong
porch monkey,porch monkey,,,racial / ethnic slurs,3.0,Severe
prick,prick,,,sexual,1.0,Mild
prick-face,prick,,,sexual,1.2,Mild
prick-gobbler,prick,,,sexual,2.2,Strong
prick-head,prick,,,sexual,1.8,Strong
pricks,prick,,,sexual,1.0,Mild
pu$sy,pussy,,,sexual,1.6,Strong
pu55y,pussy,,,sexual,1.6,Strong
pull the pud,pull the pud,,,sexual,1.2,Mild
punani,punani,,,sexual,1.8,Strong
punk ass mofoes,motherfucker,ass,,sexual,2.8,Severe
punkasses,ass,,,other / general insult,1.2,Mild
puss,pussy,,,sexual,1.4,Mild
pusses,pussy,,,sexual,1.4,Mild
pussie,pussy,,,sexual,2.0,Strong
pussies,pussy,,,sexual,1.0,Mild
pussless,pussy,,,sexual,2.0,Strong
pusslicker,pussy,,,sexual,2.2,Strong
pussy,pussy,,,sexual,1.4,Mild
pussy cat,pussy,,,sexual,1.4,Mild
pussy fucker,fuck,,,sexual,2.8,Severe
pussy lick,pussy,,,sexual,2.4,Strong
pussy licker,pussy,,,sexual,2.4,Strong
pussy licking,pussy,,,sexual,2.4,Strong
pussylickers,pussy,,,sexual,2.8,Severe
pussys,pussy,,,sexual,2.0,Strong
pussywhipped,pussy,,,sexual,1.8,Strong
puta,punta,,,sexual orientation / sexual,1.8,Strong
puussy,pussy,,,sexual,1.4,Mild
puzzies,pussy,,,sexual,1.4,Mild
puzzy,pussy,,,sexual,1.2,Mild
queerasses,queer,ass,,sexual orientation / sexual,3.0,Severe
queers,queer,,,sexual orientation / sexual,1.8,Strong
r3t@rd,retard,,,bad language,2.8,Severe
r3t@rded,retarded,,,bad language,2.8,Severe
r3tard,retard,,,bad language,2.6,Severe
raghead,raghead,,,racial / ethnic slurs,3.0,Severe
ragheads,raghead,,,racial / ethnic slurs,2.6,Severe
ragtard,retard,raghead,,racial / ethnic slurs,3.0,Severe
ramrod,ramrod,,,sexual,1.0,Mild
rat bastard,bastard,,,other / general insult,1.6,Strong
rat baztad,bastard,,,animal references,1.8,Strong
reacharound,reacharound,,,sexual,1.2,Mild
rectum,rectum,,,sexual,1.0,Mild
redskin,redskin,,,racial / ethnic slurs,2.2,Strong
retard,retard,,,bad language,2.8,Severe
retardo,retard,,,physical disability,2.6,Severe
retardotron,retard,,,bad language,1.8,Strong
rice monkey,monkey,,,racial / ethnic slurs,3.0,Severe
rim job,rim job,,,sexual,2.0,Strong
s_h_i_,shit,,,violence / violence,1.2,Mild
s_h_i_s,shit,,,violence / violence,1.0,Mild
s-lut,slut,,,sexual orientation / sexual,1.8,Strong
s.o.b.,bitch,,,other / general insult,1.2,Mild
s.o.b.s,bitch,,,other / general insult,1.6,Strong
s/h/i/t,shit,,,violence / violence,1.0,Mild
S&M,sadomasochism,,,sexual,1.0,Mild
sack,ballsack,,,sexual,1.0,Mild
salad tosser,salad tosser,,,sexual,2.0,Strong
sambo,sambo,,,racial / ethnic slurs,2.2,Strong
sand nigger,nigger,,,racial / ethnic slurs,3.0,Severe
sausage jockey,sausage jockey,,,sexual,2.6,Severe
scamfuck,fuck,,,sexual,2.4,Strong
schlong,schlong,,,sexual,1.0,Mild
scumfuck,fuck,scum,,sexual,2.8,Severe
scumfucker,fuck,scum,,sexual,2.8,Severe
scumfvck,fuck,scum,,sexual,2.4,Strong
scummy,scum,,,other / general insult,1.2,Mild
scut,scut,,,other / general insult,1.0,Mild
sh! +,shit,,,violence / violence,1.2,Mild
sh!+,shit,,,violence / violence,1.0,Mild
sh1s,shit,,,violence / violence,1.0,Mild
sh1t,shit,,,violence / violence,1.2,Mild
sh1t3,shit,,,violence / violence,1.0,Mild
sh1td1ck,shit,dick,,violence / violence,2.0,Strong
sh1tdick,shit,dick,,sexual,2.4,Strong
sh1te,shit,,,violence / violence,1.0,Mild
sh1tfuck,fuck,shit,,other / general insult,2.6,Severe
sh1th3ad,shit,,,violence / violence,2.0,Strong
sh1theads,shit,,,violence / violence,2.0,Strong
sh1ts,shit,,,violence / violence,1.0,Mild
sh1tsome,shit,,,violence / violence,1.2,Mild
sh1tt,shit,,,violence / violence,1.0,Mild
sh1tty,shit,,,violence / violence,1.2,Mild
sh3mal3,shemale,,,sexual orientation / sexual,2.6,Severe
sh3male,shemale,,,sexual orientation / sexual,2.4,Strong
shat,shit,,,violence / violence,1.2,Mild
she-male,shemale,,,sexual orientation / sexual,2.8,Severe
sheeeet,shit,,,violence / violence,1.0,Mild
sheet,shit,,,violence / violence,1.0,Mild
sheister,shit,,,racial / ethnic slurs,2.0,Strong
shemal3,shemale,,,sexual orientation / sexual,1.8,Strong
shemale,shemale,,,sexual orientation / sexual,2.6,Severe
shemales,shemale,,,sexual orientation / sexual,1.8,Strong
shet,shit,,,violence / violence,1.0,Mild
shi+,shit,,,violence / violence,1.0,Mild
shi+e,shit,,,violence / violence,1.0,Mild
shi+y,shit,,,violence / violence,1.0,Mild
shiat,shit,,,violence / violence,1.0,Mild
shiddick,shit,dick,,sexual,2.0,Strong
shiester,shiester,,,racial / ethnic slurs,2.0,Strong
shiesterfuck,fuck,shit,,sexual,2.2,Strong
shiesterfuckface,fuck,shit,,sexual,2.8,Severe
shiesterfuckhead,fuck,shit,,sexual,2.2,Strong
shiesterfucks,fuck,shit,,sexual,2.4,Strong
shipdit,shit,,,violence / violence,1.4,Mild
shit,shit,,,violence / violence,1.2,Mild
shit face,shit,,,violence / violence,1.8,Strong
shit for brains,shit,,,violence / violence,1.6,Strong
shit fuck,fuck,shit,,other / general insult,2.4,Strong
shit fucker,fuck,shit,,sexual,2.8,Severe
shit head,shit,,,violence / violence,1.8,Strong
shit licker,shit,,,violence / violence,2.0,Strong
shit stain,shit,,,violence / violence,1.8,Strong
shit-arse,shit,arse,,sexual,1.6,Strong
shit-ass,shit,ass,,violence / violence,2.0,Strong
shit-bandit,shit,,,violence / violence,1.6,Strong
shit-fucker,fuck,shit,,sexual,2.6,Severe
shit-stuffers,shit,,,sexual,1.8,Strong
shit3,shit,,,violence / violence,1.0,Mild
shitass,shit,ass,,sexual,2.0,Strong
shitasses,shit,ass,,sexual,2.0,Strong
shitassfucker,fuck,shit,ass,sexual,2.6,Severe
shitassfuckface,fuck,shit,ass,sexual,2.8,Severe
shitbag,shit,,,violence / violence,2.0,Strong
shitbird,shit,,,violence / violence,1.8,Strong
shitblimp,shit,,,violence / violence,1.6,Strong
shitblimps,shit,,,violence / violence,1.6,Strong
shitbrain,shit,,,violence / violence,2.0,Strong
shitd1ck,shit,dick,,sexual,2.0,Strong
shitdick,shit,dick,,sexual,2.4,Strong
shitdicks,shit,dick,,sexual,2.0,Strong
shitdikk,shit,dick,,violence / violence,2.0,Strong
shitdip,shit,,,violence / violence,1.8,Strong
shite,shit,,,violence / violence,1.0,Mild
shiteblimps,shit,,,violence / violence,1.8,Strong
shited,shit,,,violence / violence,1.2,Mild
shitedick,shit,dick,,sexual,2.0,Strong
shitefuck,fuck,shit,,sexual,1.6,Strong
shitefulls,shit,,,violence / violence,1.8,Strong
shitehead,shit,,,violence / violence,1.8,Strong
shites,shit,,,violence / violence,1.0,Mild
shitey,shit,,,violence / violence,1.2,Mild
shitface,shit,,,violence / violence,2.0,Strong
shitfaced,shit,,,violence / violence,1.2,Mild
shitfacefuck,fuck,shit,,sexual,2.8,Severe
shitfacefucker,fuck,shit,,sexual,2.6,Severe
shitfck,shit,fuck,,sexual,2.4,Strong
shitfk,shit,fuck,,sexual,1.8,Strong
shitfreak,shit,,,violence / violence,2.0,Strong
shitfuck,fuck,shit,,sexual,2.2,Strong
shitfucker,fuck,shit,,sexual,2.4,Strong
shitfuckhead,fuck,shit,,other / general insult,2.6,Severe
shitfuckmotherfucker,motherfucker,shit,fuck,sexual,2.8,Severe
shitfucks,fuck,shit,,sexual,2.4,Strong
shitfudgefucker,fuck,shit,fudge packer,violence / violence,2.6,Severe
shitfvck,shit,fuck,,sexual,2.2,Strong
shithead,shit,,,violence / violence,1.8,Strong
shitheadfucker,fuck,shit,,sexual,2.8,Severe
shitheadfuckface,fuck,shit,,sexual,2.4,Strong
shitheads,shit,,,violence / violence,1.8,Strong
shithole,shit,,,sexual,1.8,Strong
shits,shit,,,violence / violence,1.0,Mild
shitsdick,shit,dick,,sexual,1.8,Strong
shitsfuck,fuck,shit,,sexual,2.2,Strong
shitsful,shit,,,violence / violence,1.0,Mild
shittastic,shit,,,violence / violence,1.2,Mild
shittasticfuck,fuck,shit,,violence / violence,2.2,Strong
shitte,shit,,,violence / violence,1.0,Mild
shitted,shit,,,violence / violence,1.2,Mild
shitter,shit,,,violence / violence,1.0,Mild
shitterfucker,fuck,shit,,sexual,2.6,Severe
shitti,shit,,,violence / violence,1.0,Mild
shitties,shit,,,violence / violence,1.0,Mild
shittiest,shit,,,violence / violence,1.2,Mild
shitting,shit,,,violence / violence,1.4,Mild
shittings,shit,,,violence / violence,1.2,Mild
shitty,shit,,,violence / violence,1.0,Mild
shitty mofoes,shit,motherfucker,,violence / violence,1.6,Strong
shittydick,shit,dick,,violence / violence,2.0,Strong
shittydicks,shit,dick,,sexual,2.0,Strong
shittyfuck,fuck,shit,,sexual,1.8,Strong
shittyfuckface,fuck,shit,,sexual,2.2,Strong
shittyful,shit,,,bad language,1.6,Strong
shlong,shlong,,,sexual,1.0,Mild
shmale,shemale,,,sexual orientation / sexual,1.4,Mild
shtfuk,shit,fuck,,other / general insult,1.8,Strong
shut the fuck up,fuck,,,other / general insult,2.2,Strong
shylock,shylock,,,racial / ethnic slurs,1.6,Strong
shytfeisterfuck,fuck,,,sexual,2.6,Severe
sissy,sissy,,,sexual orientation / sexual,1.0,Mild
sixty-nine,69,,,sexual,1.2,Mild
sk@nks,skank,,,sexual,1.6,Strong
sk@nky,skank,,,sexual orientation / sexual,1.0,Mild
sk@nkz,skank,,,sexual orientation / sexual,1.4,Mild
skank,skank,,,sexual orientation / sexual,1.8,Strong
skanks,skank,,,sexual orientation / sexual,1.2,Mild
skanky,skank,,,sexual orientation / sexual,1.4,Mild
skankz,skank,,,sexual orientation / sexual,1.6,Strong
sl@nteye,slant eye,,,racial / ethnic slurs,3.0,Severe
slag,slag,,,sexual orientation / sexual,1.6,Strong
slantard,retard,slant eye,,racial / ethnic slurs,2.8,Severe
slanteye,slant eye,,,racial / ethnic slurs,3.0,Severe
slanteye b1tch,bitch,slant eye,,racial / ethnic slurs,2.6,Severe
slanteyes,slant eye,,,racial / ethnic slurs,3.0,Severe
slanteyeshit,shit,slant eye,,violence / violence,3.0,Severe
slantfreak,slant eye,,,racial / ethnic slurs,2.6,Severe
slanty,slant eye,,,racial / ethnic slurs,2.6,Severe
slit,slit,,,sexual orientation / sexual,1.6,Strong
slut,slut,,,sexual orientation / sexual,2.0,Strong
slut hole,slut,,,sexual,2.4,Strong
sluts,slut,,,sexual orientation / sexual,1.6,Strong
slutty,slut,,,sexual orientation / sexual,1.8,Strong
snatch,snatch,,,sexual,1.0,Mild
snatch licker,snatch,,,sexual acts,2.8,Severe
soab,bitch,,,sexual,1.6,Strong
son o bitch,bitch,,,sexual orientation / sexual,1.6,Strong
son of a bitch,bitch,,,sexual,1.2,Mild
son-of-a-bitch,bitch,,,sexual,1.2,Mild
sonna bitch,bitch,,,sexual,1.2,Mild
sonofabitch,bitch,,,bad language,1.4,Mild
sonofbitches,bitch,,,sexual ,1.0,Mild
sons of b1tches,bitch,,,sexual orientation / sexual,1.6,Strong
sons of bitches,bitch,,,sexual,1.6,Strong
sons-of-bitches,bitch,,,sexual,1.4,Mild
sonz of bitchez,bitch,,,sexual orientation / sexual,1.8,Strong
soppy bollucks,bollocks,,,sexual,1.6,Strong
spanking,spank,,,sexual,1.0,Mild
sperm,sperm,,,violence / violence,1.0,Mild
sphincter,sphincter,,,sexual,1.0,Mild
spic,spic,,,racial / ethnic slurs,3.0,Severe
spicfuck,fuck,spic,,sexual,3.0,Severe
spick,spic,,,racial / ethnic slurs,2.8,Severe
spics,spic,,,racial / ethnic slurs,2.8,Severe
spicshit,spic,shit,,violence / violence,3.0,Severe
spig,spic,,,racial / ethnic slurs,2.6,Severe
spik,spic,,,racial / ethnic slurs,3.0,Severe
spix,spic,,,racial / ethnic slurs,3.0,Severe
spook,spook,,,racial / ethnic slurs,3.0,Severe
spooks,spook,,,racial / ethnic slurs,2.6,Severe
spunk,spunk,,,violence / violence,1.2,Mild
stfu,fuck,,,sexual,1.8,Strong
stump chewer,stump chewer,,,sexual,1.4,Mild
stupid fucker,fuck,,,sexual,2.4,Strong
stupid hoe,hoe,,,sexual orientation / sexual,2.4,Strong
stupidasses,ass,,,sexual,1.0,Mild
suck,suck,,,sexual,1.0,Mild
suck my cock,cock,,,sexual,2.2,Strong
suck my d,dick,,,sexual,1.8,Strong
suck my dick,dick,,,sexual,2.2,Strong
suck off,suck,,,sexual,1.8,Strong
sum of a bitch,bitch,,,other / general insult,1.4,Mild
sumbitch,bitch,,,sexual orientation / sexual,1.6,Strong
swine,swine,,,animal references,1.0,Mild
swine fucker,fuck,swine,,sexual,2.8,Severe
tacohead,tacohead,,,racial / ethnic slurs,2.4,Strong
tadger,tadger,,,sexual,1.4,Mild
taking the piss,taking the piss,,,violence / violence,1.0,Mild
tallywacker,tallywacker,,,sexual,1.2,Mild
tar-baby,tar-baby,,,racial / ethnic slurs,2.6,Severe
tard,retard,,,bad language,2.8,Severe
tard asses,ass,,,sexual,3.0,Severe
tart,tart,,,bad language,1.2,Mild
throat yogurt,throat yogurt,,,violence / violence,1.8,Strong
throater,throater,,,sexual,2.4,Strong
tickle the pickle,tickle the pickle,,,sexual,1.2,Mild
timber nigger,nigger,,,racial / ethnic slurs,3.0,Severe
tits,tit,,,sexual,1.0,Mild
tongue fucker,fuck,,,sexual,2.4,Strong
tongue fucking,fuck,,,sexual,2.8,Severe
tosser,tosser,,,other / general insult,1.2,Mild
tossing salad,tossing salad,,,sexual,1.8,Strong
towelhead,towelhead,,,racial / ethnic slurs,3.0,Severe
towelheads,towelhead,,,racial / ethnic slurs,3.0,Severe
towelshithead,towelhead,shit,,racial / ethnic slurs,2.6,Severe
tramp,tramp,,,sexual orientation / sexual,1.6,Strong
Tranny,tranny,,,sexual orientation / sexual,2.8,Severe
transvestite,transvestite,,,sexual orientation / sexual,2.4,Strong
trashb1tch,bitch,trash,,sexual orientation / sexual,1.8,Strong
trashbitch,bitch,trash,,sexual orientation / sexual,2.0,Strong
trashbitches,bitch,trash,,sexual orientation / sexual,1.4,Mild
trashbitchez,bitch,trash,,sexual orientation / sexual,1.2,Mild
trashbtch,bitch,trash,,sexual orientation / sexual,1.4,Mild
trasherbitch,bitch,trash,,sexual orientation / sexual,1.4,Mild
trasherbitchs,bitch,trash,,sexual orientation / sexual,1.2,Mild
trashybitches,bitch,,,sexual orientation / sexual,1.8,Strong
trouser snake,trouser snake,,,sexual,1.0,Mild
trousersnake,trousersnake,,,sexual,1.4,Mild
turdcutter,turd,,,other / general insult,1.6,Strong
turdhead,turd,,,violence / violence,1.6,Strong
tw@t,twat,,,sexual,1.8,Strong
twa+,twat,,,sexual,1.2,Mild
twat,twat,,,sexual,1.8,Strong
twat waffle,twat,,,sexual,2.0,Strong
twatface,twat,,,sexual,2.4,Strong
twats,twat,,,sexual,1.6,Strong
twatt,twat,,,sexual,1.6,Strong
twattish,twat,,,sexual,1.6,Strong
twatzilla,twat,,,sexual,2.0,Strong
twink,twink,,,sexual orientation / sexual,1.2,Mild
upskirts,upskirt,,,sexual,1.4,Mild
useless fucker,fuck,,,sexual,2.6,Severe
vag,vagina,,,sexual,1.2,Mild
vajayjay,vagina,,,sexual,1.2,Mild
vulva,vulva,,,sexual,1.0,Mild
w@nker,wank,,,sexual,1.2,Mild
w@nkers,wank,,,sexual,1.0,Mild
w4nk3r,wank,,,sexual,1.6,Strong
w4nker,wank,,,sexual,1.0,Mild
wang,wang,,,sexual,1.4,Mild
wang wrangler,wang,,,sexual,2.0,Strong
wank,wank,,,sexual,1.0,Mild
wank off,wank,,,sexual,1.0,Mild
wank3r,wank,,,sexual,1.0,Mild
wank3rs,wank,,,sexual,1.0,Mild
wankbastard,wank,bastard,,sexual,1.8,Strong
wanked,wank,,,sexual,1.2,Mild
wanker,wank,,,sexual,1.0,Mild
wankers,wank,,,sexual,1.0,Mild
wankies,wank,,,sexual,1.6,Strong
wanking,wank,,,sexual,1.0,Mild
wanks,wank,,,sexual,1.0,Mild
we1back,wetback,,,racial / ethnic slurs,2.6,Severe
weenie,weenie,,,sexual,1.0,Mild
weiner,weiner,,,sexual,1.0,Mild
wet back,wetback,,,racial / ethnic slurs,2.8,Severe
wetback,wetback,,,racial / ethnic slurs,3.0,Severe
wetbacks,wetback,,,racial / ethnic slurs,2.6,Severe
wh0r3,whore,,,sexual orientation / sexual,2.0,Strong
wh0re,whore,,,sexual orientation / sexual,2.0,Strong
whack off,whack off,,,sexual,1.2,Mild
what the fuck,fuck,,,other / general insult,2.2,Strong
whoar,whore,,,sexual orientation / sexual,1.8,Strong
whoars,whore,,,sexual orientation / sexual,2.0,Strong
whor3,whore,,,sexual orientation / sexual,1.8,Strong
whore,whore,,,sexual orientation / sexual,1.8,Strong
whores,whore,,,sexual orientation / sexual,2.0,Strong
wigger,nigger,,,racial / ethnic slurs,2.6,Severe
willy-whacker,willy-whacker,,,sexual,1.8,Strong
window licker,window licker,,,bad language,1.8,Strong
wise ass,ass,,,sexual,1.0,Mild
wnker,wank,,,sexual,1.0,Mild
wop,wop,,,racial / ethnic slurs,2.4,Strong
wophead,wop,,,racial / ethnic slurs,2.2,Strong
zip in the wire,zipperhead,,,racial / ethnic slurs,1.4,Mild
zipperhead,zipperhead,,,racial / ethnic slurs,2.4,Strong
arsehole,arsehole,,,bad language,1.8,Strong
bint,bint,,,bad language,1.6,Strong
arse,arse,,,sexual anatomy,1.2,Mild
son of bitch,son of bitch,,,bad language,2.0,Strong
tits,tits,,,bad language,1.8,Strong
feck,feck,,,bad language,1.6,Strong
bloody,bloody,,,violence,1.2,Mild
pissed off,pissed off,,,bad language,2.0,Strong
bugger,bugger,,,sexual,1.0,Mild
munter,smunter,,,bad language,1.6,Strong
bullshit,bullshit,,,bad language,1.4,Strong
bollocks,bollocks,,,bad language,1.8,Strong
goddam,goddam,,,bad language,1.2,Mild
arsehole,arsehole,,,bad language,1.8,Strong
bitch,bitch,,,bad language,1.8,Strong
damn,damn,,,bad language,1.0,Mild
pissed,pissed,,,bad language,1.8,Strong
jesus christ,jesus christ,,,bad language,1.0,Mild
shit,shit,,,bad language,2.0,Strong
sod off,sod off,,,bad language,1.0,Mild
motherfucker,motherfucker,,,bad language,3.0,Severe
minger,minger,,,bad language,1.0,Mild
cock,cock,,,sexual orientation / sexual,2.6,Severe
dickhead,dickhead,,,sexual orientation / sexual,2.8,Severe
dick,dick,,,sexual orientation / sexual,2.8,Severe
twat,twat,,,bad language,1.8,Strong
bellend,bellend,,,bad language,1.8,Strong
prick,prick,,,violence,2.8,Severe
bastard,bastard,,,violence,2.8,Severe
bloodclaat,bloodclaat,,,violence,2.8,Severe
gash,gash,,,violence,1.8,Strong 
pussy,pussy,,,sex orientation,2.8,Severe
snatch,snatch,,,bad language,2.4,Severe
punani,punani,,,bad language,2.4,Severe
beaver,beaver,,,bad language,2.8,Severe
violence,violence,,,violence,2.6,Severe
blood,blood,,,violence,2.0,Strong
murder,murder,,,violence,2.6,Severe
fight,fight,,,violence,1.2,Mild
death,death,,,violence,1.4,Mild
gun,gun,,,violence,2.0,Strong
weapon,weapon,,,violence,1.8,Strong
shot,shot,,,violence,1.8,Strong
battle,battle,,,violence,1.6,Strong
war,war,,,violence,2.0,Strong
torture,torture,,,violence,2.8,Severe
assault,assault,,,violence,2.0,Strong
hostage,hostage,,,violence,2.8,Severe
terrorist,terorist,,,violence,2.6,Severe
strangle,strangle,,,violence,2.8,Severe
ammunition,ammunition,,,violence,1.6,Strong
dangerous,dangerous,,,violence,1.0,Mild
aggressive,aggressive,,,violence,1.2,Mild
killing,killing,,,violence,2.8,Severe
sword,sword,,,violence,1.2,Mild
massacre,massacre,,,violence,3.0,Severe
die,die,,,violence,1.0,Mild
stab,stab,,,violence,3.0,Severe
threatening,threatening,,,violence,1.2,Mild
combat,combat,,,violence,1.2,Mild
attack,attack,,,violence,1.4,Mild
wound,wound,,,violence,1.0,Mild
violent,violent,,,violence,2.4,Strong
deadly,deadly,,,violence,2.2,Strong
explosion,explosion,,,violence,2.2,Strong
bleeding victim,bleeding,,,violence,2.4,Strong
brutal,brutal,,,violence,2.2,Strong
slaughter,slaughter,,,violence,3.0,Severe
gore,gore,,,violence,2.6,Severe
torture,torture,,,violence,3.0,Severe
drug,drug,,,drug,2.4,Strong
alcohol,alcohol,,,drug,1.2,Mild
cocaine substance,cocainne,,,drug,2.8,Severe
addicted,addicted,,,drug,1.4,Mild
smoking,smoking,,,drug,1.2,Mild
drunk,drunk,,,drug,1.4,Mild
marijuana,marijuana,,,drug,2.2,Strong
pills,pills,,,drug,1.8,Strong
addiction,addiction,,,drug,1.4,Mild
dealer,dealer,,,drug,2.6,Severe
narcotic,narcotic,,,drug,2.8,Severe
weed,weed,,,drug,2.2,Strong
substance abuse,substance abuse,,,drug,2.2,Strong
overdose,overdose,,,drug,2.8,Severe
heroin,heroin,,,drug,3.0,Severe
intoxicated,intoxicated,,,drug,2.2,Strong
drug use,drug use,,,drug,2.0,Strong
alcoholic,alcoholic,,,drug,2.0,Strong
methamphetamine,methamphetamine,,,drug,3.0,Severe
crack,crack,,,drug,2.6,Severe
needle,needle,,,drug,2.4,Strong
injection,injection,,,drug,2.4,Strong
opium,opium,,,drug,3.0,Severe
drug abuse,drug abuse,,,drug,2.0,Strong
alchohol abuse,alchohol abuse,,,drug,1.4,Mild
substance use, substance use,,,drug,1.4,Mild
illegal drugs,illegal drugs,,,drug,2.8,Severe 
cannabis,cannabis,,,drug,2.0,Strong
withdrawal,withdrawal,,,drug,1.4,Mild
amphetamine,amphetamine,,,drug,2.8,Severe
ecstasy,ecstasy,,,drug,3.0,Severe
hallucination,hallucination,,,drug,2.4,Strong
psychedelic,psychedelic,,,drug,2.4,Strong
narcotic,narcotic,,,drug,2.8,Severe
steroids,steroid,,,drug,2.2,Strong
faith,faith,,,religion,1.0,Mild
god,god,,,religion,1.8,Strong
prayer,prayer,,,religion,1.2,Mild
religious,religious,,,religion,1.8,Strong
spiritual,spiritual,,,religion,1.2,Mild
church,church,,,religion,1.8,Strong
holy,holy,,,religion,1.4,Mild
mosque,mosque,,,religion,1.8,Strong
temple,temple,,,religion,1.8,Strong
buddhist,buddhist,,,religion,2.2,Strong
hindu,hindu,,,religion,2.2,Strong
muslim,muslim,,,religion,2.2,Strong
christian,christian,,,religion,2.2,Strong
workship,workship,,,religion,1.6,Strong
bible,bible,,,religion,1.8,Strong
sacred,sacred,,,religion,1.4,Mild
divine,divine,,,religion,1.4,Mild
blessing,blessing,,,religion,1.0,Mild
priest,priest,,,religion,2.0,Strong
belief,belief,,,religion,2.0,Strong
pastor,pastor,,,religion,2.0,Strong
imam,imam,,,religion,2.0,Strong
monk,monk,,,religion,2.0,Strong
nun,nun,,,religion,2.0,Strong
confession of sin,confession,sin,,religion,2.3,Strong
communion,communion,,,religion,2.2,Strong
baptism,baptism,,,religion,2.2,Strong
development,development,,,stability,2.6,Severe
symbol,symbol,,,religion,2.6,Severe
education,education,,,stability,2.0,Strong
discrimination,discrimination,,,religion,3.0,Severe
sin,sin,,,religion,2.0,Strong
family,family,,,stability,1.0,Mild
friendship,friendship,,,stability,1.4,Mild
love,love,,,stability,1.0,Mild
support,support,,,stability,1.0,Mild
together,together,,,stability,1.0,Mild
help,help,,,stability,1.0,Mild
care,care,,,stability,1.0,Mild
protect,protect,,,stability,1.4,Mild
teach,teach,,,stability,1.0,Mild
friend,friend,,,stability,1.0,Mild
parent,parent,,,stability,1.4,Mild
child,child,,,stability,1.0,Mild
mother,mother,,,stability,1.4,Mild
father,father,,,stability,1.4,Mild
sister,sister,,,stability,1.4,Mild
brother,brother,,,stability,1.4,Mild
happiness,happiness,,,stability,1.0,Mild
guidance,guidance,,,stability,1.0,Mild
mentor,mentor,,,stability,1.6,Strong
respect,respect,,,stability,1.4,Mild
trust,trust,,,stability,1.8,Strong
harmony,harmony,,,stability,1.8,Strong
unity,unity,,,stability,2.0,Strong
bond,bond,,,stability,2.0,Strong
support,support,,,stability,2.6,Severe
emotional well being,emotional,well being,,stability,2.6,Severe
relationship,relationship,,,stability,2.8,Severe
family values,family values,,,stability,2.8,Severe
family tradition,family tradition,,,stability,2.6,Severe
joy,joy,,,stability,1.0,Mild
family bond,family bond,,,stability,3.0,Severe
marriage,marriage,,,stability,2.0,Strong
home,home,,,stability,1.0,Mild
kindness,kindness,,,stability,1.0,Mild
guide,guide,,,stability,1.0,Mild
teach,teach,,,stability,1.0,Mild
peace,peace,,,stability,1.0,Mild
secure,secure,,,stability,1.0,Mild
calm,calm,,,stability,1.0,Mild
balance,balance,,,stability,1.6,Strong
growth,growth,,,stability,1.6,Strong
safe,safe,,,stability,1.0,Mild
share,share,,,stability,1.0,Mild
belonging,belonging,,,stability,1.6,Strong
wisdom,wisdom,,,stability,1.0,Mild
guidance,guidance,,,stability,1.8,Strong
learning,learning,,,stability,1.0,Mild
ethics,ethics,,,stability,3.0,Severe
